,edge
graduated from,832
From,477
In,295
graduate of,263
awarded,230
member of,162
retired,111
stopped,87
released,69
participant in,65
Developed by,62
interned in,50
co,47
Isolation in,43
Since,42
made,41
Co,36
conducted,35
interrogated,34
Participant of,33
After,31
graduated from high,29
supported,28
detained,27
arrested,26
completed,25
led,25
organizer of,25
was,24
discontinued,24
Member of,24
Chairman of,23
graduated from mechanical,23
works,22
refused,22
collected,21
Lenin,21
stopped at,20
participant of,20
Decorated with,20
Delegate on,20
Committee with,19
is,19
Ministry of,19
seconded,19
President of,19
Head of,18
Solidarity,18
II,17
S,17
interrogated many,17
gave,16
runs,16
ran,15
interned,15
worked,15
released from,14
employee of,14
stopped for,14
carried,14
took,14
Organizer of,14
Committee,13
Until,13
WUSW in,13
Mickiewicz in,13
born26,12
restored to,12
unions,12
delegate to,12
provided,12
As,11
collaborator of,11
issued,11
Author of,11
went to,11
received,11
Kolbe in,11
author of,11
plants,11
dismissed from,10
WiSw in,10
technician,10
Organizer,10
from,10
V,10
Developed by WatchIII,10
owner of,10
Editor,10
retires,9
Popiełuszko,9
retained,9
founder,9
obtained,9
involved in,9
Signatory of,9
subjected to,9
returned to,9
forced,9
founder of,9
celebrated,9
1989,9
reveal,9
Warski,9
Academy of,9
employed in,8
created,8
withdrew from,8
Activist,8
employed as,8
stopped during,8
initiator of,8
member,8
Tamż,8
born17,8
Copernicus in,8
At,8
ordination,8
editor of,7
participated in,7
born15,7
With,7
worker of,7
Clone,7
restored,7
parish,7
died in,7
born19,7
cooperated with,7
Extraordinary,7
stopped several,7
editor,7
No,7
delegated,7
Awarded,7
submitted,7
WiSW in,7
Rusw in,7
graduated from electronic,7
initiator,7
transferred to,7
Mazowsze,7
Jesuits,7
organized,7
Committee on,7
sentenced to,7
signatory of,7
Tam,6
helped in,6
MO in,6
running,6
was in,6
revealed,6
Employed in,6
as,6
graduated from agricultural,6
Skłodowska,6
Collaborator of,6
discontinued by,6
publishing,6
On,6
For,6
discontinued under,6
appointed,6
Scripture of,6
SUSW within,6
removed from,6
passed,6
printer,6
education,6
1988,6
-organizer,6
PhD.,6
shared,6
born20,6
Jesuits in,5
Map,5
During,5
born12,5
activist of,5
honored with,5
born,5
organizer,5
participated,5
employed at,5
appointed to,5
managed,5
Council,5
Employee of,5
born13,5
Mo in,5
developed,5
Founder,5
born27,5
became,5
made available,5
published in,5
Kolporter,5
interrogated several,5
stopped in,5
doctorate in,5
works in,5
Roundabout,5
leaflets,5
Paris in,5
released under,5
Western,5
VI,5
Map;In,5
established,5
Involved in,5
initiated,5
Publisher,5
business,5
worked in,5
-organizer of,4
press,4
disclose,4
Bulletin,4
went with,4
Councilor of,4
Activists of,4
Republic,4
handed,4
repressed in,4
POIW in,4
VIII,4
WSUW in,4
President,4
Cooperator of,4
Developed under,4
Initiator of,4
work in,4
died on,4
Experience,4
COMMITTEARS,4
Commission,4
maintained,4
began,4
specialist in,4
born7,4
Kolporter of underground,4
Lenin in,4
founded,4
COMMUNITY,4
o.o,4
in,4
IV,4
IX,4
released for,4
seconded to,4
signed,4
reactivated,4
head of,4
preparing,4
Worker of,4
detained several,4
writing,4
Retracted by,4
be,4
left,4
sentenced by,4
Student,4
repressed,4
retirement,4
Warsaw,4
suspended,4
Susw as,4
Secretary of,4
Association of,4
chairman of,4
wusw in,4
decided,4
representative of,4
Buried,4
acted in,4
"""",4
employed,4
followed by,4
helped,4
activity,4
subtitle,3
strike in,3
Fighter,3
Stopped,3
Owner of,3
activist,3
accept,3
Agitator,3
caused,3
fined by,3
transformed into,3
lives in,3
Detained,3
published,3
Family,3
strike,3
arrested for,3
dealt with,3
awarded with,3
Octopus,3
In v,3
released due,3
included in,3
released disciplinary,3
attempted,3
ruled,3
repressed for,3
COMMUNIES,3
Rights,3
adopted,3
fired from,3
lost,3
read,3
decorated with,3
Manager of,3
unemployed,3
history of,3
described,3
chaplain,3
Signatories of,3
Commission in,3
documented,3
stopped by,3
State in,3
granted,3
COMMUNITIES,3
won,3
lecturer at,3
Group,3
1978,3
works at,3
destroyed,3
KGHM in,3
SUSW as,3
Kościuszki in,3
Union of,3
Polska,3
hid,3
born22,3
led to,3
X,3
detained for,3
reactivated in,3
transferred,3
Olsztyn,3
RUSW in,3
XII,3
referred to,3
Lecturer at,3
remained in,3
resigned from,3
ON,3
Delegated to,3
Branch in,3
Interned,3
graduated in,3
collaborator,3
undertook,3
Attempt,3
employee,3
Council of,3
Counselor,3
gave legal,3
Return,3
worked on,3
wrote,3
expired by,3
Included,3
placed on,3
one of,3
rebounds for,3
organizer for,3
revisions in,3
Institute of,3
Wałęsa,3
were,3
Author of many,3
Historian,3
associated with,3
deserved for Polish,3
participant in independent,3
Plenipotentiary of,3
honored,3
Polish in,3
Scriptures,3
had,3
Polska from,3
vicar in,3
man,3
Active,3
interrogated in,3
imprisoned,3
Run,3
Wola,3
-owner of,3
Before,3
Society of scientific,3
incorporated into,3
am,3
lived in,3
set,3
signatory,3
COMMITTEE,3
PhD in,3
parish in,3
Shunter,3
gathered,3
Tamz,2
2005 in,2
worked casual,2
prevented,2
went,2
Podbeskidzie,2
worker in,2
focused on,2
Meteor,2
directions,2
Office of,2
Mathematics,2
1982–1988,2
Pomerania,2
Multiplier,2
stopped after,2
addressed to,2
searches in,2
Delegate to,2
Extreme,2
for,2
Initiator,2
Radical,2
Journalist,2
ceased,2
reported to,2
delivered,2
Released from,2
solved,2
JWP,2
books,2
Powszechny,2
Needle,2
announced,2
Meliorant,2
clerk in,2
graduated from gastronomic,2
Club of,2
mechanized in,2
warned,2
combined,2
Worker in,2
promoted to,2
spoke to,2
Białystok,2
Leader,2
author,2
Hutnica,2
means,2
delegate on,2
December,2
Guardian,2
cleared of,2
includingin,2
are,2
supplies in,2
Cross of,2
Teacher in,2
Ordinary,2
president of,2
Fisherman,2
Printer,2
Solidarność,2
Retreat in,2
called on,2
Lipski,2
discontinued due,2
collaborated,2
elected to,2
prepared,2
lasts,2
Hearse,2
applied to,2
Electronics,2
Workman,2
Lecturer of,2
POIW,2
recognized,2
employment,2
Pedagogue,2
-creator,2
leads,2
persecuted for,2
Delta,2
coast,2
deserved for,2
OO.Jesuits in,2
Legnica,2
speaker during,2
Sącz under,2
Bernardine,2
Ark.,2
opponent of,2
revealed as,2
graduated from primary,2
Unemployed,2
Rector of,2
statements,2
graduated from general,2
run,2
return to,2
operating in,2
with,2
mechanic in,2
poems,2
SA,2
discontinued on,2
Grota,2
turner in,2
Winding,2
Polska in,2
1990,2
Assistant in,2
Designer in,2
councilor of,2
Internified in,2
dismissed,2
Sign,2
appeal,2
Member,2
Emigres,2
presented,2
continued,2
Creator,2
stayed in,2
Author in,2
attempts,2
Construction of,2
released in,2
Committee at,2
III-2,2
driver in,2
free,2
Transport,2
Marcin in,2
voice,2
create,2
moved,2
born1,2
Antique,2
are in,2
Ideologist,2
John,2
participant,2
called for,2
stored,2
held in,2
Black,2
break in,2
stay in,2
smuggled to,2
accepted,2
Statue,2
Alma,2
convicted to,2
graduation,2
Muse,2
Club,2
nickname,2
Batory in,2
Antoni in,2
dismissed disciplinary,2
performed during,2
directed,2
Presidium of,2
acted,2
Tomorrow,2
Góra,2
have,2
Philatelist,2
Without,2
brought,2
Włodkowice in,2
WiSW,2
m.,2
I.,2
Wałęsa in,2
cooperatives,2
University of,2
appealed to,2
Karierowicze,2
word,2
detained by,2
Review of,2
Memories,2
hosted,2
supports,2
Bureau of,2
Write,2
painting,2
octopus,2
Specialist in,2
Jancarz in,2
released on,2
Detained in,2
Lawyer,2
Engineer in,2
enabled,2
built,2
initiator in,2
Board of,2
Unlusion,2
become,2
Mecenas,2
signatories to,2
activist in,2
Piła,2
sciences,2
Works in,2
Piłsudski in,2
Jesuit,2
dissolved,2
Mountaineer,2
Stanisława,2
signatories of,2
Inspector in,2
-founder of,2
Committee of,2
Participant at,2
tried,2
used,2
broke,2
came to,2
suspended due,2
punished,2
help for,2
Committee At,2
EC,2
Association,2
operated until,2
maintained by,2
transported,2
entered,2
Bulletin of,2
author in independent,2
WWSW in,2
selected,2
Management,2
Delegated from,2
"including""Goniec",2
Performances for,2
Renegade,2
died,2
Sp.from,2
Mackiewicz,2
served,2
Bolesławiec,2
Mickiewicza in,2
R.,2
transferred from,2
Relationship,2
explain,2
emigrated to,2
confirmed,2
studies in,2
recording,2
Piłsudski,2
guided by,2
Kolporter of independent,2
instructor,2
Gdańsk,2
fined,2
Camera in,2
avoided,2
includingWith,2
printed,2
deprived of,2
Master,2
repressed for political,2
ordination in,2
help in,2
owner,2
III within,2
works on,2
Konarski in,2
Adamant,2
distributed,2
Branch of,2
Academy in,2
Kalisz,2
occurred after,2
broker in,2
I,2
was responsible,2
includingmagazines,2
Manager in,2
counselor,2
repressed in martial,2
guide,2
released as,2
r.,2
s.,2
studied,2
University in,2
intimidated,2
worked at,2
Advisor,2
put,2
Wusw in,2
Center,2
Voivodeship,2
Archangel in,2
Humanistic,2
shares,2
attempt,2
And,2
century,2
Filia in,2
Author of numerous,2
devoted to,2
Councilor,2
Wojciech in,2
Ps,2
Locksmith,1
Brands,1
released after,1
Extraordinary with,1
Brigadier in,1
Commando,1
Tank,1
animator of,1
Party,1
Author widespread,1
Publishers,1
wusw,1
anger,1
Cooperative,1
take further,1
born5,1
smuggled with,1
wanted,1
disseminates,1
prof.in(1997,1
region;In,1
Potok,1
occasion of,1
Humanities of,1
Citizen of,1
River,1
Ordynator,1
Bartek,1
vision of,1
detained in,1
Kaniowski,1
Breeder,1
Minister without,1
Connected to light,1
cooperating with,1
Midget,1
Wspik in,1
thwarted,1
Free,1
strikes at,1
Vineyard,1
reviewed,1
activities,1
production,1
candidates from,1
verified in,1
In Christian,1
Glemp,1
profession,1
Capuchins,1
Science,1
Treasurer,1
Wyszyński,1
WZD,1
praise due,1
Philology,1
Agreement,1
"WZDD""S",1
supplies for,1
manager of,1
Klara,1
remained from,1
Restriction of,1
Phoenix,1
teacher,1
team for,1
returned in,1
looked,1
Podkarpacie,1
Intervent,1
1985 without permanent,1
1993 in,1
camps,1
system,1
records,1
Pale,1
Conspirators,1
Paper,1
150,1
dignity,1
Publicists,1
Tourist,1
Graduate,1
Gdańsk).In,1
Nossola to,1
Supporter of,1
Informant,1
visited,1
Welder,1
helped in pastoral,1
resources in,1
during,1
adviser to,1
awarded by,1
Calendars of,1
Desire,1
Kejkowski,1
Hubal,1
youth,1
metastasy to,1
p.,1
time,1
Delegation of,1
Society in,1
say,1
Słowackiego in,1
benefit,1
Light;6,1
Piecka in,1
Student of,1
goes by,1
"including""Newsweek",1
negotiated,1
Cover,1
Crawfish,1
revisions at,1
guide Polish,1
Scripture,1
Maz.;From,1
stood before,1
Bednarska in,1
Wilczyński,1
appeal of,1
printers of electoral,1
Bosun,1
deregistered with,1
discharge,1
called in,1
Commission;In,1
Theater,1
Hard,1
Butterfly,1
Publications,1
Lipski at,1
Plenipotentiary in,1
Śniadecki in,1
ended with,1
stop,1
sent,1
head in,1
member of numerous,1
Arena,1
Mother,1
casual,1
discover,1
Code,1
expanded,1
publications;arrested,1
Released,1
considered,1
Embers,1
Consider,1
DYR.In,1
USAID,1
graduated from industrial,1
Selected at,1
Daubster,1
lamemed on,1
Godot,1
Kreczmara in,1
unveiled in,1
Site;1987,1
directing,1
Rope,1
Redemptorists in,1
PG,1
Referential of,1
suspending,1
Belgian,1
Creator of,1
For short,1
fabric,1
fought,1
take,1
Lichota,1
repressed from,1
Chairman,1
consider,1
Connector,1
Awarded many,1
Kolporterka in,1
Adiunkt at,1
Sympathizer,1
agent;Unemployed since,1
Spartacus,1
undertaken in,1
controls,1
Cashier in,1
Hieronim,1
eighties of,1
printer of underground,1
Barlicki in,1
doctor,1
be kingy,1
auditor in,1
Methodical in,1
became involved,1
Etudes en,1
FROM,1
team).Awarded with,1
Puławy from,1
Professor,1
degree in,1
Committee in,1
participant at,1
player,1
union PTLO;From,1
list;23,1
work,1
leavePainting,1
allow,1
Nations,1
Guide,1
prepared on,1
Medal for,1
Blanking,1
helper in,1
Physicist,1
Laboratory at,1
collected in,1
stopped;13,1
Welux,1
annulled,1
arrested on,1
publishing on,1
Busoli,1
Sołtyys from,1
times,1
Łazarski in,1
cleared,1
titles in,1
Fitter,1
fighting,1
Zakładowa w,1
Jasna,1
Wielgrafii,1
Beak,1
civic with,1
resigned,1
1983 by,1
Sebastian in,1
Pate,1
Contractor of,1
autumn,1
internship,1
Zbyszek,1
apologize for,1
"Solidarity"";In",1
Defenders of,1
strike against,1
without,1
thinks,1
Expert of many,1
"including""Write",1
pg,1
sign,1
Committee;IV,1
is NEW,1
1989 under,1
approved,1
Historical,1
Nevor,1
M-4,1
graduated from Electrician,1
founded in,1
Believed by,1
assisted in,1
gave with,1
led out,1
graduate in,1
detained without,1
Labyrinth at,1
changed,1
revision of,1
Episcopate;From,1
Uhlan,1
canceled with,1
publications in,1
government,1
printing,1
patronage,1
Zbyszko,1
Electrician,1
Woodsman,1
son,1
1987 at,1
SERVISOR IN,1
resumed,1
transformed,1
graduated in technical,1
hindered by,1
Chief,1
separating Czech,1
care over,1
raised,1
includingEarn foreign,1
Rider,1
Letter;From,1
printed in underground,1
Farmer in,1
Wiesiek,1
Signed,1
Inspirator,1
goes new,1
initiated against,1
cooperated,1
1998 on,1
born23,1
Kolporter in,1
spikes,1
letter of young,1
day to,1
"S"";27",1
railways,1
Administrative,1
established on,1
Physics of,1
Reminiscences of,1
graduated from post,1
broadcast,1
learning,1
Released after,1
delivered independent,1
arrested in,1
won in,1
Families);From,1
Barska,1
Digration on white,1
Caton,1
Commission of,1
Julek,1
chiefWorking,1
Dziewanowski,1
fights with,1
Kasztan,1
Saab,1
hope in,1
Poles,1
Map;Related to,1
voice of,1
Medic,1
Caritas of,1
supporting,1
Economics of,1
Virus,1
candidate in,1
North from,1
transport at,1
Jurek between,1
INTRONATED IN,1
voted against,1
Poliński,1
review,1
Laureate of many,1
Française,1
reporter of,1
Building,1
confessed,1
penalty,1
Railways with,1
unimaginable,1
selected for,1
Works with,1
Drzymała,1
Tokarczuk,1
Zii,1
Police;From,1
Economics of Polish,1
Activist of,1
Warski.17,1
dealer in,1
referent at,1
Legend of,1
Simply,1
at,1
path,1
Boycott,1
unions of,1
Derewiecki,1
Asnyk,1
business from,1
Oak,1
realized,1
wounded,1
2014);Cooperutress of,1
medals,1
Waszczyński,1
appointed in,1
cases in,1
punish,1
Author of scientific,1
avoid military,1
banner of,1
Participant,1
preacher,1
arrived,1
employee at,1
encyclopedia in,1
DIY,1
maintained from,1
agree,1
Zealous,1
reviewed.18,1
Podgórski,1
Institute in,1
initiated within,1
Projectors of,1
design of,1
-initiator of,1
Chomeini,1
Harassed at,1
Tracks Polish,1
Surgi in,1
Lucek,1
"Solidarity"".involved in",1
understanding,1
Tales of common,1
knit,1
fall,1
paused,1
Enterprise,1
register,1
doctorate at,1
EJ,1
Tube,1
Resistance,1
wrote on,1
Secretary,1
outHumanities,1
works for Polish,1
Scepter,1
Popiełuszki at,1
Independence,1
Freedom in,1
leaving several,1
-time,1
spoke as,1
Compatriot,1
contract for,1
Turner,1
limited,1
Collaborator,1
prisoners,1
Constitution on,1
Bąk,1
Chamet;4,1
2004 in,1
teacher in,1
Land,1
Supported agricultural,1
Individuals of,1
1997 in,1
Renovals,1
demonstrations in,1
Minister of,1
winner of,1
Humanities,1
conducted sociological,1
looked after,1
disseminated independent,1
on8,1
Delegation in,1
Held several,1
Bastion,1
bench in,1
Mickiewicza,1
Krajowas,1
Czerniakowska,1
Crocus,1
Quarterly,1
working in,1
Association for,1
Kwiatkowski,1
Unguarded in,1
Warski;From,1
Klonowica,1
Stanisława in,1
filed for,1
Stażysta,1
released 3rd,1
adjunct in,1
wrote out,1
activities of,1
badge,1
ended to,1
Opinion,1
mediated in,1
struggled,1
Song,1
Augustus,1
farmer in,1
was present,1
Kasprowicz in,1
WEEKS IN,1
Author,1
organizing,1
designer,1
Opole,1
Books of,1
supplement to,1
"Solidarity"";From",1
graduated from technical,1
Model,1
Employed for high,1
includingBrochures from,1
think about,1
Bliziński,1
1991 in,1
undertake,1
opposition to,1
Assembly,1
Buildings of,1
Satellites,1
Oct,1
employees from,1
Composition of,1
Curie in,1
Advertisements in,1
tamed,1
go from,1
WORKING WITH,1
searches at,1
Huta,1
Organizations,1
Producer of,1
Nikifor,1
destroyed by,1
Bunt,1
magazine,1
number,1
avoid,1
Bird,1
gathered around,1
publicist,1
Belarusian,1
shifted from,1
From below,1
study of higher,1
Tarejwu,1
Mechanized in,1
K.I.Gałczyńskiego in,1
By,1
order of,1
incl.provided,1
lecturer on,1
Tractor;3,1
Meritorious for,1
WSW in,1
prior of,1
intimidated in,1
1960,1
logo,1
Return to,1
made availableyour,1
conversations,1
exhibition in,1
churches on,1
Fakir,1
Gliwice on,1
PŚ;In,1
Monter in,1
West,1
subassemblies in,1
Mieszko,1
Boboli,1
Commissioner of,1
condemned,1
Cell,1
Worked in,1
donated under,1
Hydra,1
Radziejowski,1
From Soviet,1
Jastak,1
activists,1
Gdynia,1
Charlemp,1
inviguated,1
assistant)At,1
Krytyka,1
member of many,1
Fears,1
stated in,1
Fun,1
bottle,1
Birch,1
Commune in,1
demonstrated,1
supplier,1
destroyed by WatchIII,1
Indian,1
Gierek.25,1
saw,1
guide to,1
resident from,1
Koreks,1
Blackbird,1
Technician,1
initiated criminal,1
Karuda,1
Protection of,1
Chojnacki from,1
undertaking,1
held,1
Mathematician,1
supplied instructional,1
Printing on,1
War,1
services,1
Bem,1
placed,1
talk about,1
NIELS,1
appeared with,1
removed from didactic,1
tunnel,1
Puławska in,1
burned by,1
worked as,1
Lodz,1
Chadek,1
confiscated,1
Selected for,1
UniversityI.,1
Kaczyński,1
Stalin,1
designed,1
Broil,1
Democracy,1
Agriculture,1
followed,1
Mo under,1
observer on,1
invigilated to,1
convicted,1
Carpenter,1
Borusewicz,1
collaborator of independent,1
establishments,1
Nowotki,1
Factory in,1
dealt with private,1
Act,1
explained central,1
Sect,1
Awarded by,1
Estate,1
stamps for,1
Dictionary,1
Wałęsa during,1
Write for,1
studies at,1
pass,1
publications,1
entered on,1
provided legal,1
judge in,1
borrowed,1
Structure,1
Cat,1
reduced,1
Tokarz in,1
taken to,1
activist of ecological,1
WTO);after,1
call on,1
Secretariat of,1
Poland,1
Introduction to,1
intended for,1
found,1
returned to interrupted,1
rejected,1
Fugla,1
Cleric in,1
Sieve,1
resignation from,1
Students,1
Sketches,1
Staliński,1
expert on contemporary,1
development in,1
Center for online,1
1981.Discuss,1
Donating,1
Giedroycia,1
Autobiography,1
Leading,1
started in,1
printersat,1
applied,1
finding,1
instructor in,1
Lubmor in,1
Buckle,1
Jubilat,1
performed against,1
Gocłowski,1
referendary in,1
Affairs of,1
Printings,1
canceled from,1
connected to,1
Mustache,1
troops,1
locomotive,1
representative on,1
Responsible for,1
wore,1
encouraged,1
Cobra,1
network of,1
1983;fired from,1
strike at,1
Administration,1
Robinson,1
Jodłowski,1
president,1
interviewed several,1
Ruch,1
Jurek,1
priest,1
thought,1
Printer of,1
love,1
Górnośląska,1
performed,1
engage in underground,1
KPN,1
advises,1
onHistory of,1
Accountant,1
Happening,1
prevented by,1
prof.in(1994,1
journalist of,1
Waterflows;From,1
School in,1
acquired,1
resolved due,1
Mazovia,1
graduated,1
reproduction,1
DSNormals in graphic,1
Piotrowski,1
exchange;In,1
OTMĘT.2,1
Pilgrim,1
d.3,1
Żółkiewska in,1
Dominican in,1
secretary,1
solidarity of,1
stationery,1
machines,1
statement on,1
Kompania,1
disseminating,1
',1
Repair in,1
Ambassador,1
coworker of,1
DYR.Marketing in,1
Society of,1
conservatism,1
Walter,1
renamed,1
champion in,1
collect,1
Kościuszko in,1
Secretary in,1
Walter in,1
Treasurer of,1
distributed in,1
patented several,1
toolsSpecialized,1
by DepartmentIII,1
dismissed from detention.1,1
Polska;1993,1
installation,1
extended by,1
submitted to,1
Lenin;From,1
Documents,1
Mole,1
products for,1
Niesis,1
fungus,1
hospitalized,1
Antonowicz for,1
appear,1
Bosman in,1
Writes,1
1976 as,1
SAIF.1966,1
factories,1
stone,1
collaborated as,1
Kuźniar,1
investigate,1
Law,1
Left,1
rebounds,1
Targowica,1
bricklayer,1
propagator of,1
grinder in,1
1985,1
1989 as,1
Stamps,1
Pharmacies,1
Shaveling,1
Participant of secret,1
Observer in,1
hung in,1
Assistant at,1
union,1
undermined for,1
printer in,1
board of,1
Camp,1
continues,1
organizerpremises for,1
engage in,1
Polmozbycie,1
dismissed due,1
Kulbarscha at,1
Szymcem,1
Bolek,1
commission in,1
Pracative in,1
inspiration for,1
Ward,1
MEMORIA in,1
Sten,1
organized by,1
earned,1
Specialist,1
receive,1
resigned from active,1
grade,1
Kula,1
Koniński,1
helped with,1
accepted from,1
Presses,1
controller at,1
Foreman,1
Sailing in,1
Condor,1
Repressed,1
WSW under,1
Leipzig in,1
Satellite,1
Merinotex,1
Harassed by,1
Warehouse,1
graduated from professional,1
concluded with,1
pacified by,1
union of indievment,1
Awarded for,1
Kopernika in,1
Kubicki,1
Region,1
WarmianskomMazurski;CLORTERS,1
Mediator,1
played,1
PWA.Overview of,1
cook with,1
laureate of,1
Report from,1
reduced under,1
Thoughts about,1
courier to,1
Documentation of,1
taken,1
Rainbow,1
point,1
certified,1
Way,1
kolporter to,1
help for interned,1
Różański,1
boxing,1
Affairs,1
leading,1
KS,1
tested,1
Smis,1
addressed,1
Student of phototechnical,1
supported by,1
secretary of,1
withdrew from active,1
Obstinate,1
winning,1
done within,1
's next,1
Cuba,1
acted on,1
register with,1
been on,1
Physisja,1
"informer"";From",1
Publicist,1
WORKS,1
hung Hungarian,1
Popiełuszce,1
part,1
workowness,1
Służebniczek in,1
found in,1
abducted in,1
cooperated in,1
propagator on,1
Spokesman of,1
Bis,1
About,1
Gardener,1
Alpha;1981,1
hospital in,1
Sections.1992,1
Considered on,1
Poet,1
Lisiecki,1
care for,1
Word,1
Osuchowskiego in,1
Pavilion,1
-1,1
Volume,1
Marcin,1
priest in,1
Psychologist in,1
"including""Solidarity",1
Pollster,1
Manager at,1
member of several,1
Azimuth,1
opposed,1
priest on,1
Majgier,1
Franciscans,1
collaborator in,1
own business;from,1
Wyki,1
"""Wake",1
commission,1
Mill,1
equipment for,1
hospitalized in,1
Union,1
polygraphs,1
institutions,1
Activists of underground,1
1984–15,1
1968,1
Fantast,1
Monthly of,1
Peasant,1
Captured several,1
IPN,1
rejection of,1
guides at,1
is great,1
Bohemian,1
STOP,1
Jemioło,1
Kałyniuk,1
delegated to,1
inspector in,1
Shipyard;From,1
Trial,1
A. Warski;from,1
Search in,1
Zhytomyr,1
shareholder,1
deals with political,1
Libra,1
Members of,1
repressed in special,1
GM.Sitno from,1
students,1
Participant of patriotic,1
established in,1
Tygodnik,1
Kasalot,1
business within,1
houses;Awarded,1
Respectors of,1
Inspector at,1
Party under,1
conceived,1
Tarnobrzeg as,1
Member since,1
Incorrect,1
Finder in,1
Falling by,1
Philip,1
organizer in,1
.In,1
ProNit,1
ministry,1
resigned after,1
extended,1
repealed,1
Power in,1
appeared to,1
Help,1
Doctor in,1
conducts,1
Annexe,1
confession of,1
kolporer,1
Ksiąg in,1
participant for,1
uakademia,1
dismissed under,1
Pietry,1
1989 by,1
Polska;Then,1
Małachowski in,1
reports of,1
Scorpio,1
participant with,1
subjected to numerous,1
lodged,1
construction,1
Echo,1
presented in,1
chaplain at,1
challenged by,1
search in,1
PLN for,1
Transferring,1
Legnicki,1
Site of former,1
stepping in,1
WSUW under,1
adjunct at,1
Resistor,1
Reactivity,1
Józef in,1
faces of,1
Arrested,1
Revisited,1
Jesuits at,1
Conveged,1
one,1
sanction for,1
dismissed as,1
Animator,1
Bren,1
undertakings,1
remained abroad;A,1
defense,1
arrested during,1
Association;Awarded with,1
performed casual,1
smuggled from,1
gave to,1
publicist of,1
universities,1
Coordinator of,1
From 3rd,1
settled in,1
examine,1
postgraduate ethical,1
Presidium;From,1
years in,1
paris,1
examined by,1
CONTROLLER IN,1
relegated for religious,1
defended,1
Barbara,1
Wander,1
Lift,1
gave several,1
Angel,1
1990 without,1
Wall,1
Commission at,1
sztygar in,1
Bibulion,1
finishing,1
Galla,1
destroyed by unknown,1
adopted for,1
Team of strict,1
delegate,1
banned from,1
prof.inIn,1
fight in,1
was for,1
Fieldorfa,1
selected on,1
Katarzyna,1
nation,1
plans for,1
focusing,1
Delegate,1
Wasp,1
arrived with,1
Włókniarz,1
Damage,1
handing,1
publications;Stopped,1
Jack,1
fished from,1
join,1
revised several,1
Matrug,1
printed independent,1
Planner,1
assisted,1
Scriptures of,1
retired.2004,1
council,1
Launching,1
Asnyka in,1
professionallyWith,1
technician in,1
historical,1
inspired,1
Look at,1
Adam,1
Zakładowa in,1
Node,1
Mechanical,1
Agency,1
repeated,1
knocking,1
remember,1
Organizer of local,1
Author to many,1
Participation in,1
accompanied,1
Mieroszewski,1
Benek,1
Player,1
November,1
suspended in,1
Zamość;From,1
Kłopotowski,1
Fonia,1
Gadomski,1
Mobilized to,1
Pedagogy,1
coincided,1
WSM in,1
damaged under,1
accepted for,1
Mass for,1
Robotnik in,1
Paul,1
contacts with,1
Dancers,1
TARCHOMINS,1
operated in,1
PAP.From,1
clean,1
documented ongoing,1
proceedings regarding,1
presented at,1
Laureate of,1
industrialized agricultural,1
Field in,1
Interned in,1
Collection of,1
Solidarity according,1
"including""Hutnik",1
protestations,1
made several,1
Chief of,1
Crab,1
Barski,1
committee in Warsaw;From,1
Popiełuszki in,1
PS.Stasie,1
Bark,1
arrested at,1
SWEERS,1
appeared on,1
performed from,1
transported from,1
Leipzig,1
Bumerang,1
opportunities,1
translator during,1
spilled in,1
products,1
Council in,1
Insure,1
Warsaw).Decorated with,1
Białołęcki,1
Zamoyski in,1
Polski,1
1987–1999,1
babes,1
Treaty,1
initiated by,1
banners).19,1
Dworzak in,1
Dobrowolskiego,1
Fraudsters,1
stay on,1
occurred due,1
Kolportage of,1
Cyclist,1
District of,1
dictionary,1
communications in,1
declared,1
Moralist,1
Kaganek,1
parfections of,1
prepared everyday,1
offices,1
Operator,1
whispered,1
Nitka;involved in,1
Railways in,1
lecturer of,1
Chybie,1
Canal,1
TAM,1
SUSW,1
elections.13,1
Secretary for,1
pied out,1
suspended for,1
POIW in Jawor;From,1
Witkowski,1
Witowski,1
Delicers,1
1953,1
DepartmentVI,1
Urszulanek in,1
included,1
Ketman,1
XI,1
Idea,1
wistwich in,1
Thought,1
yes,1
salesman at,1
alternative,1
doctorate from,1
Węglarz,1
role of,1
downtime at,1
Chauffeur,1
revealed in,1
stamps,1
pedagogy,1
Wałbrzyski,1
machine at,1
Claus,1
Champion for,1
Frankowski regarding,1
panels,1
providing legal,1
experiment in,1
Amoeba,1
quartery,1
born11,1
festival of,1
Parchment,1
Investeproject in,1
completed supplementary,1
deported with,1
find,1
Sorcacal at,1
Solidarność.1991–2007,1
OO.Capuchins in,1
review of,1
there.1989–1990,1
pension for,1
inveteran,1
"S"";15",1
criticized,1
rights of,1
Intakom Sp.from,1
land,1
Bałtycki,1
distributed larger,1
port in,1
WARS,1
Notes,1
Krypt,1
Silesia,1
detected,1
Bober,1
Opinions,1
Łebkowski at,1
concluded on,1
painter,1
Sienkiewicz in,1
Farm,1
elected,1
Advisor at,1
establish,1
Matyka,1
is crazy,1
appeared after,1
Considerations on,1
Fired;In,1
Mater,1
Remember about,1
adviser in,1
1995,1
plants for,1
Reading,1
meeting,1
started,1
worked under,1
case of,1
Journalistic on social,1
Fired,1
Kapczyński,1
list.2000–2006 directorRegional,1
Atom,1
Clump,1
Member for,1
called,1
leaveLaws,1
SUSW;1987,1
born4,1
Economic in,1
discontinured,1
specialist at,1
Osterwa in,1
1986 during,1
Wusw under,1
1965–1982 in,1
Signator for democratic,1
web,1
Removed from doctoral,1
includingVisiting,1
mzniazek of Polish,1
Bench,1
Wilcza in,1
Sącz,1
Adviser,1
Committeeometom with,1
publications among,1
Cleaner of,1
Jurkiewicz,1
Chinese,1
Neters,1
services;From,1
French in,1
barricade,1
marks of underground,1
Fox,1
letters,1
Technolog at,1
Overview of,1
prepared at,1
Refer to,1
Dublers,1
transmitters,1
heroes,1
softened,1
painted on,1
branchIn,1
Accession,1
Żeromski in,1
represented,1
InspectorAccompanied by,1
removed within,1
"S"".23",1
patrol battalion).From,1
writings of,1
Meeting of,1
spoke about,1
Holder of,1
came with,1
devoted to Christian,1
dealt with legal,1
flyers,1
English,1
Awarded with,1
In VIII,1
Contractor,1
Stróż to,1
Base,1
Podlaski,1
Author in underground,1
sent financial,1
performer of episodic,1
GOPR,1
Supporting,1
Masin,1
named,1
being after,1
continuation,1
Defaulter,1
Agrokompleks,1
accounting in,1
Coast of,1
Alka,1
leaflets for,1
cutter in,1
Anchor,1
Spidola,1
office of,1
urged,1
associate of,1
protested with several,1
called official,1
Old,1
challenged,1
1989 without,1
Inspector,1
activists in,1
organizer in underground,1
displaced to,1
Active in,1
WOPR in,1
Paris,1
SPOMASZ,1
Point of,1
Wool in,1
Arrested for,1
Finished for,1
Dispatcher,1
Bury,1
dictionaries,1
Region;In,1
i,1
Hydraulik in,1
Work in,1
Delivery,1
printed in many,1
released.18,1
supported rural,1
critic,1
kolporter,1
ordered,1
embedded in,1
repaired,1
WPHW,1
Tarnina,1
Idiot,1
restored in,1
Tadeusz in,1
Szczecin,1
Work,1
II under,1
Woodpecker,1
involved in non,1
1989 by leavingVI,1
Crétiens,1
Activist of free,1
Edge,1
Emperor,1
fell out,1
plant in,1
Żaczek,1
clerk at,1
CKE.From,1
upbringing,1
Strzambosz,1
discontinuation of,1
animator between,1
Sławek,1
Department of,1
Szaniawski,1
Józefa,1
courses,1
Suspend in,1
Emitred,1
composition of,1
service,1
received financial,1
Corporation;From,1
Activists,1
School of,1
Samoliński,1
wrote for,1
sciences in,1
Registered as,1
Brantley,1
Brigade,1
people against evil,1
continue,1
Metallurgist,1
bearded,1
spreading,1
Pułaski in,1
Wlkp.;Released,1
agency,1
Chłapem,1
Angry,1
made independent,1
consisted,1
served on,1
authority in,1
Combinator,1
Nut;until,1
bishop,1
region.1981.Committee on,1
Szazlski,1
sketch of,1
Greens,1
Unionists,1
prepare,1
Publishers of,1
stated,1
referent in,1
Notes from,1
Stamp,1
Blashes by,1
released.1983 in,1
VII,1
includingwith,1
resort,1
Brygids in,1
plagued by,1
Agrest,1
Parliament on,1
region.1981,1
Kukliński,1
Parliament,1
Gębarzew,1
Transport;From,1
Ringleader,1
threatened with,1
Region;From,1
interrupted,1
Subcommittee on,1
detained during,1
publisher,1
Grabówka near,1
Popiełuszko.1987,1
informed,1
Victory in,1
belonged to,1
expired under,1
cause public,1
demonstrations,1
Warriors,1
Repeal,1
given,1
KGHM,1
cross,1
Senator,1
recognize,1
Telux Sp.from,1
Cunliffe,1
driver,1
penance,1
lives,1
has since,1
Katowice,1
Rabanowski in,1
printers.15 IX,1
Szymon,1
writing of young,1
Demagogue,1
Cywiński.29,1
Disclosed to,1
dealing with,1
Institute of internal,1
protection,1
WUSW within,1
Herbalist,1
organizedin,1
Krajowa-12;In,1
Controller in,1
Sawa,1
signatures of ELMORU,1
observer during,1
Movement,1
operated,1
Wiśniewski,1
MO;Designed,1
midfielder,1
beat,1
committee at,1
Region.2001–2007,1
Elektromonter,1
administrator of,1
performed operational,1
1993,1
Warcent);Delegate on,1
Krzysztofor,1
inwith,1
Arged in,1
Band,1
about,1
Among,1
Coordinators,1
Niezniezek,1
Aid,1
stopped with,1
R,1
Ossoliński in,1
Burczyk,1
Council;From,1
Terene,1
registering,1
director of,1
supported civic,1
involved,1
Konopnicka,1
collected monetary,1
"SolidAmności"".1988",1
catechist in,1
Turka,1
work from,1
received from,1
MACHINES,1
Remus,1
collecting,1
Ej,1
accused of,1
spoken,1
emigrated from,1
activity in,1
Agreement;IV,1
presented on,1
ix,1
People of,1
Jadwiga in,1
Brochwicz,1
stood in,1
graduated from Silesian,1
portals,1
Mouflon,1
Board,1
Accounting in,1
Economist,1
conducting,1
1963,1
Tischner,1
Pachciarz,1
Paramedic,1
Kolportage of independent,1
closed,1
novitiate in,1
Staying in,1
punished disciplinary,1
group for,1
counsel in,1
providing,1
Television in,1
Debatte,1
Memory about,1
Pilgrimage of,1
Electric,1
participant in many,1
"""Aggressive",1
Dygr,1
Świtoń,1
fallen on,1
1981,1
focused around,1
-,1
brigadzist in mechanical,1
Jagiellończyk in,1
section,1
became independent,1
developing,1
school in,1
Advocuticals of,1
gloomy,1
Norwegian,1
asked for,1
K.,1
plants Meliorational,1
Mechanic in,1
Prelate,1
Energetic in,1
Support for,1
specialized,1
passing,1
systems,1
Mostal,1
Miedziowe,1
Sobieski in,1
founded white,1
Reader,1
thirteen to Western,1
Repeated,1
prescribed by,1
camera,1
Cooperation in,1
Repatrated to,1
Leader of,1
Zięba,1
difficulties with,1
commissioned,1
Germanian,1
released.30,1
devoted,1
selling,1
Strike,1
employees,1
Publisher of,1
quiet,1
Erika,1
show,1
Sputnik,1
Lenin on,1
seconded by,1
Strong,1
Construction,1
"including""Bergens",1
obtaining,1
Sobolewski,1
including,1
1993 on,1
GM.Throat;Restored,1
Teaching without,1
cooperation with,1
harassed,1
slept from,1
Delegation,1
Piotrkowski,1
employed on,1
exported to,1
March,1
Caste,1
Metalworkers,1
promoted,1
Subjected to monthly,1
Citrus,1
Cuckoo,1
imprisoned at,1
Restored for,1
charged with,1
Relic,1
Skauci,1
voting,1
Participant of confidential,1
"Reduta"";From",1
-chairman of,1
performed for,1
Corczz,1
broadcasts,1
Interrogated,1
arrested as,1
Turkish,1
organized for,1
born29,1
reports on national,1
Boboli in,1
care at,1
signatures).In,1
advisor,1
Enter,1
without permanent,1
invited to public,1
February,1
Inspectorate,1
Szymański,1
student in,1
Borusewicz;Transfer to,1
Navigation,1
lectures,1
Runner,1
legalized,1
Company,1
Popiełuszka,1
Award;Awarded,1
win,1
Publisher of subsequent,1
leaflets on,1
Snowman,1
There,1
assuming,1
related to,1
Activity,1
independent,1
supplement,1
appears,1
department in,1
Author of several,1
"including""Let",1
propagated,1
participant of academic,1
Bremen,1
wandered around,1
poems for,1
Department in,1
Greta;1988,1
has,1
scriptures,1
prosecutors,1
doodle for,1
Adolf Warski;from,1
mode,1
Cyclist;Up to,1
Speaker during,1
recorded,1
Section,1
collaborator of academic,1
Malcontent,1
Sztabkowski,1
Constructor of,1
worker of Masurian,1
Fat,1
MARCHOLT,1
Ajent of,1
Declaration,1
Sądeczanin,1
Wola;From,1
lasted,1
Locksmith in,1
Author in independent,1
prosecuted by,1
reporting,1
provinceWarszawskiego,1
Susw,1
KS in,1
buried in,1
gardening in,1
Democrats,1
solve,1
engineering,1
Slow from,1
Skłodowska in,1
blocked,1
workshops in,1
perform in,1
Dąbrowski,1
x,1
director at,1
continuation of,1
Worker,1
MSY for,1
motorcycle in,1
Jamróz,1
Dispatcher in Polish,1
sculptures in,1
Bernardy,1
Wise,1
degraded to,1
Ursus,1
Włókniarzy in,1
Prospan;From,1
Link,1
Printer regarding,1
COMMISSION,1
Plant,1
Sociological,1
Elektromonter in,1
Deilings,1
SPOŁA,1
was subject,1
years of,1
Fir,1
ceremony of,1
Seagull,1
person,1
Krynicka,1
works in private,1
printer of,1
"Pariadka"";Published",1
WUST in,1
Jastrzębie,1
Sciences of,1
Zebzda,1
Trams;From,1
SG;From,1
exceeded,1
participant in agricultural,1
Seller in,1
Incial Commission;From,1
discontinued to,1
shortened,1
INSP.2,1
-V,1
editing,1
Prolets,1
accepted on private,1
rewards of,1
Geologist,1
Polonica,1
overview,1
Man from,1
Savers,1
1983 in,1
Lublin;transferred to,1
Founder of,1
office,1
Machines,1
word about,1
SW,1
forbidden,1
d.In,1
WiSW within,1
Spa,1
comments on scientific,1
Theology,1
Ursuline in,1
appeal to,1
operator,1
Zięta,1
committed,1
1985 on,1
Picture,1
Running,1
graduated from Polish,1
cooperation,1
accountant in,1
speaker,1
Controller,1
performed at,1
worker at,1
fired,1
Chapter.1988–2000 diocesan,1
combine in,1
intervened,1
painted,1
Developed,1
SZ.Trail of,1
graduated from metallurgical,1
expressed,1
Mrygadzista in,1
repressive;A,1
o.,1
exposed,1
B.V.In,1
member of independent,1
member of supervisory,1
came,1
Worked on,1
demanding,1
practice in,1
Śląska in,1
facilities,1
looking for,1
articles for,1
votes,1
Civic with,1
maintenance of,1
Absolve,1
M in,1
Solidarity in,1
WIAW in,1
Enterprises of,1
Kutno,1
Engineer,1
Ponar in,1
Treated by,1
Dictator,1
Direction,1
Emissary,1
Fieldorf,1
deals with,1
debris;Stopped,1
studied at,1
guardian of independent,1
Modrzejewska in,1
Zakładowa;In,1
antiquarian,1
Andy,1
hired,1
Club in,1
helped by,1
Life.5,1
Industrial,1
Scheduled during,1
remained,1
Great,1
scouting,1
includingdeleted from,1
demonstrations on,1
Geology,1
Extraordinary in,1
giving,1
dismissed in,1
Cistercians in,1
held medical,1
Smithy,1
Solidarność at,1
Feeling from,1
History,1
andA,1
railwayman,1
Kostka.9,1
Bema at,1
Philological,1
ADIUTEKT to WYDZMechanical,1
Sadowska,1
translated into,1
Anarchists,1
Conspirator,1
participation of,1
closed for,1
P;In,1
creator of,1
1989 of,1
arranged,1
"""Solidarność",1
August in,1
zlotys for,1
Szkowski,1
removed due,1
speaker in,1
Organizer of religious,1
metalworker,1
Naftobudowa in,1
swaying,1
Bożena,1
technician at,1
Condemned by,1
composition;A,1
-.In,1
Solidarity with,1
Alberta,1
born on22,1
"Zbraucz"").In",1
Germany towards,1
writings,1
PISM,1
collectage,1
graduated from extramural,1
Shipyard.25,1
Freedom,1
Farmer,1
Controlled,1
in.6,1
Chrobry in,1
responsible for,1
recognized in,1
driver at,1
conducted private,1
craftsman,1
Team,1
report,1
retained several,1
renounced,1
Analysis of,1
Snakes,1
automated,1
Spider,1
photo of,1
committee with,1
publisher of,1
includingIn,1
Actress;1987,1
Disgrace,1
accredited to,1
WiSW as,1
Stubborn,1
Grandpa,1
Meeting,1
convicted by,1
graduated from inland,1
finished,1
presses in,1
Grześ,1
publicized by Western,1
Little,1
Poles in,1
Wyborcza,1
Woroszylski,1
participant in academic,1
subjected to explicit,1
Rawa,1
spent,1
Belty,1
covers,1
church of,1
committee in,1
Paramedic in,1
Nowodworski in,1
joined,1
Franciszek from,1
Crylicch,1
Journalist of,1
house,1
Pensioner,1
worked with young,1
sketches,1
Chapter in,1
detained on,1
Delegated,1
Released under,1
excluded for,1
churches in,1
surgeon,1
Deported to,1
recommended by,1
engaged in,1
Ogniwo,1
blackmailed,1
Table,1
Gienek,1
Filmings in,1
Kashubia,1
Delegats on,1
Rudna,1
Bernardine in,1
Akustyk,1
meetings during,1
Collector,1
continued);seconded,1
Kowal,1
"Party).""S",1
helped as,1
left for,1
Sexters,1
was on,1
chips,1
organizer on,1
maintained close,1
Lecturer for,1
SolidAmności,1
solved by,1
name in,1
WUSN in,1
occurred before,1
HSW,1
voivodships in,1
German,1
Kolporter of,1
Strike at,1
Modrzewski,1
