ul.,482
Wydz,431
kościele św.,331
parafii św.,304
Krzyżem Wolności,284
Oficerskim Orderu Odrodzenia,279
Jasną Górę,218
Krzyżem Kawalerskim Orderu Odrodzenia,117
Komandorskim Orderu Odrodzenia,116
Rodzinom,76
pl.,70
Krzyżem Komandorskim Orderu Odrodzenia,67
Wybrzeżu,57
kościoła św.,57
Krzyżem Oficerskim Orderu Odrodzenia,55
Tygodni Kultury Chrześcijańskiej,52
Komuny Paryskiej,47
„Biuletyn Dolnośląski”,45
Załężu k.,42
Jasnej Górze,41
Zachodzie,40
Jezuitów,39
Lubelszczyźnie,37
Kopalnia Węgla Kamiennego Wujek,37
Trójmiasta,30
Śląsk Opolski,30
Dolnym Śląsku,29
Pomorza Zachodniego,27
Europy,25
Krzyżem Komandorskim,23
al.,21
Śląska,20
archikatedrze św.,20
Ziemi Kutnowskiej,20
Lubelszczyzny,19
Prezydencie,18
Ziemi Kłodzkiej,18
Zachód,18
Krzyżem Walecznych,18
Humanistyczny,18
UAkademia Medyczna,18
kościele Narodzenia NMP,17
Krzyża,17
Wybrzeża,17
Krzyżem Wielkim Orderu Odrodzenia,17
kościele Świętego Krzyża,17
NZwiązek Artystów Scen PolskichJ,16
Wojskowym Obozie Specjalnym w Czerwonym Borze,16
Podkarpaciu,16
Śląsku,16
Górnym Śląsku,15
kościół św.,15
Rynku,14
Rynku Głównym,14
Środkowo-Wschodni”,14
redawniej,14
Wykroczeń,13
Załężu,13
Trójcy,13
Urzędzie Wojewódzkim w,13
Ziemi Nadnoteckiej,13
Podhalu,13
parafii Świętej Trójcy,13
Wojewódzkim Przedsiębiorstwie Komunikacji Miejskiej w Szczecinie,12
Małopolsce,12
Ziemi,12
Europy Zachodniej,12
Wschodzie,12
Trójmieście,12
Wielkopolska,12
Mieczysławie Tarnowskim,11
kościele Matki,11
Małopolski,11
kościele NZwiązek Artystów,11
Powązkach,11
Huty im.,11
zielonogórskim,11
kościele NMP Matki Kościoła,10
Wniebowzięcia NMP,10
jezuitów,10
Wielkopolska Płdawniej,10
rzeszowskim,10
Opolszczyźnie,10
parafii Świętej Rodziny,10
Mazowszu,10
Pomorzu Zachodnim,10
Ziemi Zamojskiej,10
śląskich,10
Dolny Śląsk,9
Europie Wschodniej,9
Budowy Okrętów,9
Europy Środkowej,9
Automatyki,9
Europy Wschodniej,9
Górnego Śląska,9
katedrze św.,8
Elektrowni,8
kościele oo.,8
Europie,8
Wojewódzkim Przedsiębiorstwie Komunikacyjnym,8
kościele NMP,8
Mszach,8
Warmii,8
Bazylice Mariackiej,8
Litewskim,8
kościołach św.,8
Syberię,7
Domu Robotniczym ZNTK,7
Ziemia,7
Wojewódzkim Przedsiębiorstwie Komunikacji Miejskiej,7
„Biuletyn Informacyjny” Komitet Komitet Obywatelski,7
Zaspie,7
Wołyniu,7
Głogowcu,7
ZNTK,7
Kawalerskim Orderu Odrodzenia,7
Wielkopolsce,7
Wisłą,7
Fabryce Wyrobów Runowych Runotex,7
Ekonomii,7
Bazylice św.,7
Królewskiej,7
Rodziny,7
Wolności,7
UAkademia Medyczna w Poznaniu,7
Śląsk,6
Automatyki Elmor,6
urlopie bezpłatnym,6
parafii Wniebowzięcia NMP w,6
Ośrodku,6
kościołem św.,6
parafii Matki Bożej Królowej,6
Pomorzu,6
Małopolska,6
Ziemi Kępińskiej,6
Młodzieżowym Domu Kultury,6
Wielkopolska Południowa,6
Wawelu,6
Wojewódzkim Szpitalu Zespolonym w,6
Bieżąco,6
WZwiązek Artystów Scen Polskich,6
Bieszczadach,6
Domu Parafialnym,6
Mazowsze,6
kościele Najświętszego Zbawiciela,6
Zwycięstwa,6
Sanktuarium Matki Bożej w,6
Hożej,6
Tygodnie Kultury Chrześcijańskiej,6
Bystrzycy Kłodzkiej,5
kościele Świętej Trójcy,5
Grabiszyńskiej,5
Fabryce Samochodów Małolitrażowych,5
Urzędzie Wojewódzkim w Piotrkowie,5
Jasnej,5
Olsztyńskich Zakładach Graficznych,5
Kapituły Katedralnej,5
Ossolińskich,5
Teatrze Dramatycznym,5
kościele Najświętszego Serca Jezusowego,5
Wszechnicy Związkowej,5
Państwowej Fabryce Wagonów Pafawag we,5
parafii Świętego Krzyża,5
Wojewódzkim Zarządzie Inwestycji Rolniczych,5
Mazurach,5
Westerplatte,5
PPorozumienie Centrumhrześcijańska Demokracja,5
Śląsku Opolskim,5
Kurkowej,5
Fabryce Samochodów Małolitrażowych”,5
Huty Katowice,5
Podlasiu,5
Pomorski,5
Urzędzie Wojewódzkim,5
Gencjana,5
kościele Miłosierdzia Bożego,5
„Biuletyn Informacyjny”,5
kościele Podwyższenia Krzyża Świętego,5
Cmentarzu Powązkowskim,5
Zamku,5
A5,5
Zakładzie Karnym,5
Szkoła Główna Gospodarstwa Wiejskiego w Warszawie,4
Wojewodzie Kaliskim,4
Wojewódzkim Biurze Geodezji,4
Historyczny,4
Klonowica,4
Mogilskiej,4
ZR Dolny Śląsk,4
Fabryce Samochodów Ciężarowych,4
Cmentarzu Wojskowym,4
Poradni Wychowawczo-Zawodowej,4
Syberii,4
Pomnikiem Poległych Stoczniowców,4
Kubie,4
Kopalnia Węgla Brunatnego Konin,4
Suwalszczyźnie,4
kościele Matki Bożej Królowej,4
Karolkowej,4
Elektrociepłowni,4
Jadwigi Śląskiej,4
Starym Mieście,4
Rakowieckiej,4
Dziale Głównego Mechanika,4
Wybrzeża Gdańskiego,4
Szpitalnej,4
Pałacu Kazimierzowskim,4
Fabryce Przekładni Samochodowych Polmo,4
Australii,4
Bibliotece Publicznej,4
kardawniej,4
Czerwonym Borze,4
HCP,4
Ekonomiczny,4
europejskiej,4
„Czasie Krakowskim”,4
Wszechnicy Nauczycielskiej,4
Teatrze Wybrzeże,4
Wojewódzkim Ośrodku Metodycznym w,4
Mazowsza,4
Runoteksie,4
Wojewódzkim Przedsiębiorstwie Wodociągów i Kanalizacji w,4
Bibliotece Pedagogicznej,4
Zakładach Metalowych im,4
Dziadów,4
Chrześcijańskiej,4
Zajezdni Autobusowej nr VII MPK,4
„Robotnika”,4
Hali Gwardii,4
kościele Św.,4
Bibliotece Jagiellońskiej,4
Wielkopolski,4
Wojewódzkim Przedsiębiorstwie Handlu Wewnętrznego,4
Marszałkowskiej,4
Al.,4
Tygodniach Kultury Chrześcijańskiej,4
Ochocie,4
Teatrze im.,4
Podhala,4
Ziemi Łódzkiej,4
parafii Trójcy Przenajświętszej,4
Ziemi Puławskiej,4
Błoniach,4
Półwiejskiej,4
Gdańskiej Stoczni Remontowej,3
w Gdańsku,3
średnich,3
Bednarskiej,3
Rzeszowszczyzny,3
Wisły,3
parafii NMP Matki Kościoła,3
Państwowej Fabryce Wagonów Pafawag,3
Fabryce Samochodów Specjalizowanych Polmo-SHL,3
Ziemia Radomska,3
Górze św.,3
Zarządzie Okręgu,3
Dolnego Śląska,3
Fabryce Łączników,3
Cienie,3
Fabryce Kontenerów Unikon,3
parafii Wniebowzięcia NMP,3
Miasteczku Akademickim w,3
Kapituły,3
Kopalnia Węgla Kamiennego,3
Teatrze,3
Kresach Wschodnich,3
Azji,3
Krajowy,3
Fabryce Łożysk Tocznych,3
Sanktuarium Matki Bożej,3
kościele Świętego Ducha,3
Fabryce Wyrobów Precyzyjnych im.,3
Bazylice Katedralnej,3
parafii Św.,3
katedry św.,3
parafii Matki Bożej Częstochowskiej,3
Ziemi Dzierżoniowskiej,3
ZR Środkowo-Wschodniego,3
Puszczy Nadnoteckiej,3
kaliskim,3
Lechu Wałęsie ds.,3
Odrą,3
Miłkowskiego,3
parafii Matki Bożej Królowej Polski,3
Zabytkami,3
Zarządzie Głównym,3
kościele Chrystusa Króla,3
Ziemi Gdańskiej,3
Tatrach Zachodnich,3
Wojewódzkim Szpitalu Zespolonym im.,3
„Zapisie”,3
Menem,3
Wydz.,3
kościele pw.,3
Mazury,3
Stalmacha,3
Szkoła Główna Planowania i Statystyki,3
Borówkowej,3
ziemi kłodzkiej,3
Fizyki Technicznej i Matematyki Stosowanej,3
Teatrze Współczesnym,3
Świdnickiej,3
„Biuletyn Informacyjny” Komitet Samoobrony Społecznej „KOR”,3
kościele Najświętszego Serca Pana,3
Krzyża Wielkiego Orderu Odrodzenia,3
„Kulturze Niezależnej”,3
Polmozbyt,3
Wawel,3
Szkoła Główna Gospodarstwa Wiejskiego w,3
kościele Matki Bożej Częstochowskiej,3
Orderem Orła Białego,3
"Szkoła Szkoła ""Szkoła""",3
Elektrowni Dolna Odra,3
Sanktuarium Matki,3
Ojczyznę,3
Zakładzie Mleczarskim,3
Wybrzeżu Gdańskim,3
kościele Świętej Rodziny,3
Krzyżem Partyzanckim,3
ZR Małopolska,3
Mechaniczny,3
kościele MB Królowej,3
Ziemia Sandomierska,3
Zakładach Naprawczych Taboru Kolejowego,3
Bibliotece Uniwersyteckiej Katolicki Uniwersytet Lubelski,3
Kaszubach,3
kościele Nawiedzenia NMP,3
kościele Wniebowstąpienia NMP w Toruniu,3
Jelonkach,3
Alternatywy,3
Bielskiej Fabryce Maszyn Włókienniczych Befama,3
Ziemi Zgorzeleckiej,3
Lubelskim Domu Kultury,3
Międzynarodowych Targach Książki,3
Klubów,3
Ziemi Biłgorajskiej,3
Wojewódzkim Przedsiębiorstwie PKS,3
Sanu,3
Niepodległości,3
Delegatury,3
„Biuletyn Niezależnego Zrzeszenia Studentów”,3
Przemysłowej,3
Katedrze,3
Krakowskim Przedmieściu,3
Spiszu,3
Śląska Opolskiego,3
Politechnice Śląskiej,3
Europy Środkowo-Wschodniej,3
Wojska,3
Sanktuarium św.,3
Mostu Teatralnego,3
Zrzeszeniu Kaszubsko-Pomorskim,3
Ster.,3
W.,3
Domu Kultury,3
Piwnej,3
Pomorze Zachodnie,3
„Biuletyn informacyjny,3
Rynek,3
Powstańców Śląskich,3
Zalesiu Górnym,3
kościele akademickim św.,3
Kościoła,3
Świętokrzyskiej,3
Fabryce Łożysk Tocznych Iskra,3
Górnośląskiej,3
Wszechnicy,3
Ostrowie,3
Wojewodzie Wielkopolskim,2
Fabryce Narzędzi Skrawających Vis,2
kościoła Św.,2
kościele Wniebowzięcia NMP w,2
zamojskiej,2
Krzyżem Niezłomnych,2
kaplicę bł.,2
Cmentarzu Centralnym w,2
Lachy,2
kościele Opatrzności Bożej w,2
Fabryce Części,2
Katedrze Historii,2
„Biuletyn Łódzki”,2
Tymczasowej Międzyzakładowej Komisji,2
Krzyżem Kawalerskim Orderu Zasługi,2
Dolnośląskich Zakładach Tworzyw Sztucznych w,2
mazowieckiego,2
Krzyża Zasługi,2
Przychodni Kolejowej,2
Katedrze Chrystusa Króla,2
OPRF,2
Politechnice Szczecińskiej,2
Świetlik,2
europejskich,2
Domu Rekolekcyjnym w,2
Portu,2
kościoła Matki Bożej Zwycięskiej,2
Fabryce Kabli Załom,2
Sejmie,2
Bliskim Wschodzie,2
Wojskowym Obozie Specjalnym w,2
Kapituły Generalnej,2
Wykusie,2
parafii Matki Bożej Saletyńskiej,2
Dziale Głównego Technologa,2
Kopernika,2
Jaworskim Przedsiębiorstwie Budowlanym,2
Wojewódzkim Przedsiębiorstwie Ciepłowniczym,2
Oddział,2
Sanem,2
Mechaniki Precyzyjnej,2
Teatrze Śląskim,2
Lubelskim Przedsiębiorstwie Budownictwa Przemysłowego,2
Wołyń,2
Wojewódzkim Przedsiębiorstwie Robót Elektrycznych i Dźwigowych w,2
Dworcu Nadodrze we Wrocławiu,2
BWA,2
Przełęczy Rydza-Śmigłego,2
Grunwaldzkim,2
Czarna Jedynka,2
Gmachu Głównym PW,2
Honorowy Obywatel Miasta,2
Jednostce Wojskowej,2
Doliny Rospudy,2
Tatrach,2
Konwersatorium,2
„Krytyce”,2
Ministrze Sprawiedliwości,2
Bardzie Śląskim,2
Fabryce Mebli Okrętowych Famos,2
Solidarności,2
Międzymiastówki Anarchistycznej,2
parafii Najświętszego Serca Pana,2
Fabryce Maszyn i Urządzeń Famak,2
Teatrze Dramatycznym w,2
Filologiczno-Historyczny,2
Wojewódzkim Szpitalu Specjalistycznym w Olsztynie,2
Europy Północnej,2
„Krzyża Nowohuckiego”,2
dokumentem Raport Madrycki,2
AZwiązek Artystów Scen Polskich,2
kościele Opatrzności Bożej,2
Ziemia Kujawska,2
Wojewódzkim Przedsiębiorstwie Energetyki Cieplnej,2
Wojewódzkim Urzędzie Pracy w,2
Suchej Beskidzkiej,2
dolnośląskiej,2
MEL PW,2
„Biuletyn Podhalański”,2
Papieskim Wydz,2
łódzkich,2
Kopalnia Węgla Kamiennego Silesia,2
kościoła Wniebowzięcia NMP,2
Cmentarzu Osobowickim,2
„Ratujmy Karkonosze”,2
Morza,2
Wojewódzkim Szpitalu dla,2
Wojewódzkim Szpitalu Zespolonym w Toruniu,2
Europa,2
Pomorze Wschodnie,2
parafii Matki Bożej Pocieszenia,2
Port Północny,2
Ruskiej,2
Pałacu Młodzieży,2
kościoła Matki Bożej Królowej,2
Ziemi Dobrzyńskiej,2
św.,2
Bibliotece Narodowej”,2
Filii,2
Salonie Kultury Niezależnej Anny,2
Teatrze Współczesnym w,2
Okrągłym Stole,2
Szczecińskiej Fabryce Narzędzi,2
Fabryce Urządzeń Okrętowych Techmet,2
Ministrze Kultury i Dziedzictwa Narodowego,2
Wydziale,2
kaplicy Najświętszego Serca Jezusowego,2
Fabryce Transformatorów i Aparatury Trakcyjnej Elta,2
konserwatorskiej,2
Rzeszowszczyźnie,2
Przychodni Specjalistycznej,2
parafii Niepokalanego Poczęcia NMP,2
Instytutem Literackim,2
Urzędzie,2
Pomnikiem Tysiąclecia,2
Bałtyk,2
Pomnikiem Ofiar Grudnia,2
Naczelniku,2
Mokotowskiej,2
parafii Świętych Apostołów Piotra,2
Duszpasterstwie Akademickim,2
kościele NZwiązek Artystów Scen,2
Cmentarzu Komunalnym,2
Pałacu Mostowskich,2
Wojewódzkim Zakładzie Doskonalenia Zawodowego,2
Fabryce Maszyn Rolniczych Agromet,2
Zachódawniej,2
Fabryce Maszyn,2
Sanktuarium Matki Bożej Łaskawej,2
Orderem Wielkiego Księcia,2
kościoła oo.,2
Galicji Wschodniej,2
Tymczasowej Tarnowskiej Komisji Koordynacyjnej „,2
Przymierza Społecznego Odrodzenie,2
Fabryce Obrabiarek Specjalnych,2
Podlaski,2
Woli,2
parafii Najświętszego Serca Jezusowego,2
Dąbku Wolności,2
Domu Zakonnym,2
Krzyżem Komandorskim Orderu Zasługi Republiki,2
Katedrze EP,2
Wojewódzkim Przedsiębiorstwie Komunikacji Miejskiej w Olsztynie,2
Zarządzie Miejskim,2
Kwaterze Głównej,2
Hurtowni Artykułów Spożywczych,2
Praskiej Wiosny,2
„Biuletyn Katyński”,2
bazylice św.,2
Kresów Wschodnich,2
parafii Miłosierdzia Bożego,2
Rzeszowskim Przedsiębiorstwie Robót Drogowych,2
Ziemi Lubuskiej,2
„Biuletyn Informacyjny «Solidarność Wiejska,2
Komitetu,2
Pawiaku,2
Cyprze,2
Bobolanum,2
Karkonoskim Parku Narodowym,2
Parku Nadmorskim,2
Pomorskiej,2
bazylice katedralnej,2
ŚAkademia Medyczna,2
Energetyka,2
Nawrot,2
Zalesiu Górnym k.,2
Ogólnopolskim Komitecie Założycielskim „S” Niezależny Samorządny Związek Zawodowy Rolników Indywidnal-nych „Solidarność”,2
Fabryce Śrub,2
Punkcie Położniczym,2
Uniwersytecie,2
Zakładami Zmechanizowanego Sprzętu Domowego Predom-Polar,2
Szczytnikach,2
Krzyżem Niepodległości,2
Wydawniej Morskie,2
Hali Targowej,2
Szewskiej,2
Przychodni Rejonowej,2
Wilczej,2
Merkury,2
Pomorza,2
Mszy,2
parafii Matki Boskiej Nieustającej Pomocy,2
toruńskim,2
Politechnice Warszawskiej,2
Biebrzą,2
Piotrkowską,2
lubińskiej,2
bałtyckich,2
Politechnice Gdańskiej,2
kościoła Chrystusa Króla,2
Klasztorze,2
Długiej,2
Bystrem,2
kościele Wniebowzięcia NMP,2
Tygodni Kultury,2
Łąkowej,2
kaplicy św.,2
Pleszewskiej Fabryce Aparatury Przemysłu Spożywczego Spomasz,2
klasztorze o.o.,2
Wybrzeżem,2
Fabryce Urządzeń Mechanicznych,2
Sztumie,2
Fabryce Łożysk Tocznych w,2
Fabryce Urządzeń Mechanicznych Ponar,2
Sejm,2
białostockich,2
Dom Ojczysty”,2
Zygmuntem Kozickim,2
parafii Najświętszego Zbawiciela w,2
Śląsku Cieszyńskim,2
Rogatce,2
Filologii Rosyjskiej,2
Ziemi Chełmskiej,2
Teatrze Popularnym,2
Elektrowni Pomorzany w,2
Komitety Założycielskie „S”,2
parafii Świętego Krzyża w,2
Górach Świętokrzyskich,2
Ratusza,2
Dolnośląskich Zakładach Graficznych w,2
1 Maja,2
Orawy,2
Wszechnicy Górnośląskiej,2
Krynickiej,2
Atlantyda,2
antysowieckich,2
Ziemi Sieradzkiej,2
Bibliotece Kórnickiej,2
Chełmińskiej,2
Fabryce Maszyn Żniwnych w Płocku,2
Ziemi Gostynińskiej,2
Zamiejscowej,2
Kleczkowskiej,2
Pomorza Zachodniego”,2
Nowy Świat,2
„Biuletyn Informacyjny Niezależny Samorządny Związek Zawodowy «Solidarność»,2
„Zagłębie Miedziowe,2
„Biuletyn Pism Związkowych”,2
Bydgoski,2
kościele p.w.,2
Katolickie,2
Drabiniance,2
Prezydium,2
Fundację,2
„Biuletyn Związkowy”,2
Starym Rynku,2
Szpitalna,2
Grobu Nieznanego Żołnierza,2
Czerniakowskiej,2
Huty,2
Nelly Biesiekierska,2
ulicy Wrocławskiej,2
Krotoszynie,2
Domu Katolickim,2
Wrocławskiej,2
Mazowiecka,2
Grunwaldzkiej,2
Dworcowej,2
Śródmiejskiej,2
Świętojańską,2
Tykocińskiej,2
kościoła Najświętszego Serca Pana,2
Rondomański,2
Okopowej,2
Domu Katechetycznego,2
Rodzeństwa,2
Brackiej,2
Domu Katechetycznym,2
NZwiązek Artystów Scen,2
Krzeptówki,2
Lipową,2
Europie Środkowej,2
Krakowskie Przedmieście,2
Mikołowskiej,2
Fabryce Domów,2
Huty Aluminium,2
Bielska-Białej,2
Zagłębiu Dąbrowskim,2
Kopalnia Węgla Kamiennego Manifest Lipcowy Międzyzakładowy Komitet Strajkowy,2
Marca,2
Odlewni Żeliwa,2
Huty Szkła,2
kościele farnym,2
Ziemi Sandomierskiej,2
Ziemi Radomskiej,2
Świętokrzyski,2
Kotliny Jeleniogórskiej,2
Ziemi Nyskiej,2
Nysy,2
Kopalnia Węgla Brunatnego Bełchatów,2
Siarkopol,2
Grobu Pańskiego,2
Góra Kalwaria,2
Katedrze Szczecińskiej,1
tatrzańskiej,1
kościele Świętych Apostołów Piotra,1
kina Kosmos,1
Gdańskim Towarzystwie Naukowym,1
Klinice Psychiatrii Dorosłych –,1
Bramie Portowej,1
Ogrodzie Botanicznym,1
Zakładzie Budowlano-Remontowym Państwowe Gospodarstwo Rolne w,1
Wema,1
Odeon,1
Golęcinie,1
Zakładzie Stolarskim U Skrzypca w,1
Bacówek,1
Zygmuntem Halickim,1
Monte Cassino,1
Suwalskiej Fabryce Mebli,1
Tytanowej,1
Listopadowej,1
Cape Coral,1
Bodo,1
Szpitala Wolskiego,1
Święta Niepodległości,1
kościele gimnazjalnym.,1
Donbasie,1
Krzyża Oficerskiego Orderu Odrodzenia Polski,1
parafii Opieki NMP,1
Zakładach Metalowych Łucznik,1
Archiwum Głównym Akt Dawnych,1
Targowej,1
Fabryce Cukierniczej Kopernik SA,1
Cmentarzu Czerniakowskim,1
Prezydencie Bielska-Białej,1
Bełżyc,1
Wojewódzkiej Przychodni Matki i Dziecka w,1
Przychodni Obwodowej Poznań-Stare Miasto,1
Przychodni Obwodowej Poznań-Nowe Miasto,1
Gabinecie Lekarsko-Pielęgniarskim,1
ul Koszykowej,1
Katedrze Nauk Politycznych,1
Świata,1
Krzyżem Wielkim Orderu Zasługi RFN,1
Krzyżem Komandorskim Orderu Legii Honorowej,1
Parafii Matki Bożej Królowej,1
dominikańskim Duszpasterstwie Akademickim Beczka,1
Elwro,1
Smolnej,1
Opolskim Przedsiębiorstwie Budownictwa Przemysłowego nr 1,1
podkarpackiego,1
Śliskiej,1
Nysie,1
„Śląsku Opolskim”,1
Kopalnia Węgla Kamiennego Kleofas,1
Wyszkach,1
siedleckie,1
Głuszyckiej Przędzalni Czesankowej Argopol,1
Biennale Dysydentów,1
Podziałami,1
Ziemi Wschowskiej,1
kolejarskim,1
Wieży Więziennej-Katowni Muzeum Historii Miasta Gdańska,1
Katedrze Historii Państwa,1
Krzyża Wlkp,1
Kuźnią,1
Dom Samotnej Matki,1
Gliwickim Przedsiębiorstwie Robót Inżynieryjnych,1
Wojewódzkim Przedsiębiorstwie Geodezji Gospodarki Komunalnej w Katowicach,1
Państwowej Fabryce Wagonów we,1
Bielskim Przedsiębiorstwie Instalacji Sanitarnych,1
kościele NMP Gwiazdy Morza,1
urlopie macierzyńskim,1
Fabryce Wyrobów,1
parafii Świętego Ducha,1
„Ekspresie Wieczornym”,1
Antykwariat Cafe,1
kiosku RSW Prasa-Książka-Ruch,1
Katedrze Kultury,1
"Wojewódzkim Zarządzie Gminnych Spółdzielni,",1
ZR Śląska Opolskiego,1
Wojewódzkim Urzędzie Pracy,1
Freta,1
Tamka,1
Dworca Centralnego,1
Prostej,1
Ludwiką Wujec,1
Kongresie Kultury Polskiej w Krakowie,1
Białostockich Zakładach Podzespołów Telewizyjnych Unitra-Biazet,1
Zakładzie Wychowawczym,1
Łubiance,1
Cmentarza Orląt we,1
Krzyżem Wielkim Orderu Wojennego,1
Krzyżm Niepodległości,1
Kapituły Warmińskiej,1
Komendzie Śląskiego Hufca Ochotnicze Hufce Pracy,1
bazylice Matki,1
Kultury,1
''Pod wspólnym niebem,1
SFA Polmo-Autosan,1
Zarządzie Głównym SAkademia,1
Fabryce Maszyn Wiertniczych i Górniczych Glinik,1
Wojewódzkim Zrzeszeniu Ludowych Zespołów Sportowych,1
Środkowo-Wschodni ”,1
Domu Kolejarza w,1
Wszechnicy Robotniczej „S”,1
Ziemi Wileńskiej Świteź,1
Wileńszczyzna,1
Jaworniku Przedmieściu k.,1
Wojewódzkim Urzędzie Pocztowym w Gdańsku,1
Zaolziu,1
Opolskiej,1
Śląskiej,1
Wojewódzkim Przedsiębiorstwie Transportowym Handlu Wewnętrznego,1
Krakowskim Przedsiębiorstwie Przemysłu Gastronomicznego Oddział Restauracji tamże,1
Wojewódzkim Przedsiębiorstwie Przemysłu Gastronomicznego,1
Żywiecczyźnie,1
ITF,1
Kieleckim Przedsiębiorstwie Transportowo-Sprzętowym Budownictwa,1
„Politechniku”,1
Naukowej,1
World Health Organization,1
Katedrze Farmakologii Akademia Medyczna,1
Mostu Północnego,1
Kuala Lumpur,1
Dargaud Editeur,1
Górze Świętej Anny,1
eksperckich,1
Morski Port Handlowy,1
Kapituły Domu Gdańskiego,1
Szkoła Główna Handlowa w Warszawie,1
Prymasie Polski,1
Młodzieżowego Domu Kultury w Toruniu,1
Sejmik Tarnobrzeski,1
Dezamet SA,1
Texas,1
rynku legnickim,1
Czystej Dębinie-Kolonii k.,1
Antykwariat Książek Wydawnictwo,1
Pomnikiem Dzieci Głogowskich,1
Owsianej,1
Domu Rekolekcyjnego w Łabuniach,1
Kapituły Zamojskiej,1
kościele Krzyża Katyńskiego,1
Kalwarią Zamojską,1
Zamojskiej Rodziny Katyńskiej,1
Zamościu Domu Trzeciego Tysiąclecia im.,1
Hali Banacha,1
kontynuowanie studiów,1
Trójmiasto,1
parafii Najświętszego Zbawiciela tamże,1
Krakowskim Wydz,1
Wrocławskim Przedsiębiorstwie Pomiarów,1
Akademii Świętokrzyskiej,1
Dolnośląskiej Fabryce Maszyn Legmet,1
lubińskich,1
kościele jasełek,1
Sanktuarium Matki Bożej Bolesnej Pani,1
Ziemi Świętokrzyskiej,1
Craiova,1
Przymierza Prawicy,1
kościele Matki Bożej Łaskawej,1
kościele Trójcy Świętej,1
Fabryce Aparatury i Urządzeń Komunalnych Powogaz,1
Pomnika Ofiar Grudnia ’70,1
Polsze,1
Parku Kasprowicza,1
Lipińskim,1
Sanktuarium Matki Bożej Pocieszenia,1
Wojewódzkim Zespole Ludowym w Lublinie,1
Wojewódzkim Szpitalu Zespolonym w Rzeszowie,1
kościele Wniebowstąpienia NMP,1
Pomorskich Zakładach Drobiarskich Poldrob w Toruniu,1
Wojewódzkim Przedsiębiorstwie Drogowym w,1
Lubeki,1
Starogardzkich Zakładach Farmaceutycznych Polfa/,1
Bałtyckim Teatrze Dramatycznym,1
Teatrze Popularnym w,1
Wojewódzkiej Bibliotece Publicznej,1
Kolskiej,1
Osiedlu Dywizjonu 303,1
Czeczeńskiej Republiki Iczkeria,1
Donimirski Pałac Pugetów Business Center,1
Wojewódzkim Przedsiębiorstwie Energetyki Cieplnej w Szczecinie,1
Poltel,1
Piwnica Świdnicka,1
Górze Szybowcowej,1
Okęciu,1
Przychodni Neurologicznej,1
Elektrowni Ostrołęka,1
Zarządzie Morskich Portów Szczecin,1
parafii Matki Bożej Częstochowskiej we,1
Księżyc,1
Fabryce Maszyn i Sprzętu Wiertniczego Glinik,1
Fabryce Kontenerów Unikom,1
Michalineum,1
Antyk,1
Zarządzie Wojewódzkim,1
Werrle,1
Hodowli Zwierząt – Zootechnika,1
Prywatnym Zakładzie Kamieniarskim w,1
Kopalnia Węgla Kamiennego Thorez,1
Załogowej,1
Rzemieślniczym Domu Handlowym,1
Bibliotece Naukowej Pomorskiej Akademii Medycznej,1
Bibliotece Naukowej Wyższej Szkoły Pedagogicznej,1
Bibliotece Naukowej WZwiązek Artystów Scen Polskich,1
Szkoła Podstawowa,1
Honorowy Obywatel Miasta Kalisza,1
Zakładzie Produkcyjnym ZREMB,1
Łabą,1
Bogumiłą Gurbą,1
Ziemi Gorlickiej,1
kościoła oo,1
„Praworządności”,1
„Prawie i Bezprawiu”,1
Sybiru,1
kościele NMP Królowej,1
parafii NMP w,1
Zakładzie Energetycznym w,1
Katedrze Etnografii,1
Klinice Psychiatrycznej PSK,1
Zarządzie Portu,1
Wujek,1
Młodzieżowego Domu Kultury we Wrocławiu,1
dolnośląskiego,1
Roztoczu,1
Pałacu Kultury i Nauki,1
Diecezjalnym Punkcie Pomocy,1
Wojewódzkim Przedsiębiorstwie Komunikacji Miejskiej i Międzyzakładowy Komitet Strajkowy,1
Wysokim,1
Wojewódzkim Komitecie Założycielskim „S” Niezależny Samorządny Związek Zawodowy Rolników Indywidnal-nych „Solidarność”,1
Zagłębiu Miedziowym,1
Wojewódzkim Przedsiębiorstwie Przemysłu Zbożowo Młynarskiego,1
Wojewódzkim Ośrodku Ruchu Drogowego,1
Międzyzakładowym Domu Kultury w,1
Poznańskiej Fabryce Łożysk Tocznych,1
Hutę Siechnice,1
Arcybiskupie Poznańskim,1
Młodzieżowego Koła Historycznego im.,1
Politechnice Świętokrzyskiej,1
Fabryce Sprzętu Okrętowego Meblomor,1
Zarządzie Oddziału,1
Tory,1
Wolność Przywrócona Wielkiego Wschodu,1
Komendancie Wojewódzkim Policji ds.,1
ZR Śląska Opolskiego „S”,1
Stalowni Konwertorowej,1
„Ekstrema”,1
Ziemią,1
„Karta”,1
Końskich,1
9 Maja,1
Domu Akademickim Babilon,1
Katedrze Teorii Literatury,1
krytycznoliterackich,1
Leszczynowej,1
Bałtyckich,1
Wojewódzkim Specjalistycznym Zespole Opieki Zdrowotnej nad Matką i Dzieckiem,1
Wojewódzkim Urzędzie Statystycznym w Siedlcach,1
Podlaskiej Grupie Niepodległościowej,1
Pracowni Grawerskiej,1
Siedlecczyźnie,1
Orderem św.,1
Krzyżem Narodowego,1
Hali Olivia,1
„Wiadomościach”,1
Jasnej Góry,1
Fabryce Urządzeń Dźwigowych,1
Fabryce Wyrobów Chemicznych Pionier,1
Kolejowym Przedsiębiorstwie Turystyczno-Wypoczynkowym Natura Tour Sp.,1
Wojewódzkim Ośrodku Rehabilitacji Dzieci i Młodzieży,1
kościele Niepokalanego Serca NMP,1
Sejmiku,1
Białaczkę,1
Białym Orłem,1
Zakładach Automatyki Przemysłowej Mera,1
koleżeńską,1
ulic Trójmiasta,1
kościele Niepokalanego Poczęcia NMP w,1
Huty Batory,1
Działu Głównego Technologa,1
Krakowskim Przedsiębiorstwie Ceramiki Budowlanej Zakład Ceramiki Budowlanej Zesławice Nowa Huta,1
Wojewódzkim Zjednoczeniu Rolnictwa,1
Toruńskim Przedsiębiorstwie Przemysłu Drzewnego,1
Zarządzie Głównym Zrzeszenia Prawników Polskich,1
Fabryce Sprzętu Gospodarstwa Domowego Predom-Zelmer w,1
Domu Dziecka w Godzięcinie,1
Zarządzie Morskiego Portu,1
Hotelu Lido,1
Tyfusem Plamistym,1
Zakładach Naprawy Taboru Kolejowego,1
Czechosłowację,1
Senacie,1
Europie Środkowo-Wschodniej,1
Fabryce Broni/Waffenfabrik Radom,1
Fabryce Łączników Radom-Podkanów,1
Osiedlowym Domu Kultury Nowe Miasto,1
Przychodni Kolejowej Służby Zdrowia,1
Dyrektorze Generalnym Polskie Koleje Państwowe,1
Kuratorium,1
Krzyża Kawalerskiego Orderu Odrodzenia,1
ZR Wielkopolska,1
Wojewódzkim Przedsiębiorstwie Turystycznym Noteć,1
Gdańskiej Grupie Promocyjnej Sp.,1
Wojewódzkim Przedsiębiorstwie Budownictwa Mechanicznego,1
Śląskich Zakładów Przemysłu Skórzanego,1
Zamartem,1
Parlamentem,1
Katedrze Fizyki Wyższej Szkoły Pedagogicznej w Gdańsku,1
pomorskim,1
Jad­wigi Śląskiej,1
„Gryfie”,1
Wojewódzkim Zjednoczeniu Budownictwa Komunalnego,1
Dziale Reklamy,1
Głogowskiej,1
Zarządzie Środowiskowym AZS,1
Górny Śląsk,1
Wojewódzkim Szpitalu Specjalistycznym,1
Niezłomnych,1
Marche,1
Komendach Rejonowych PZwiązek Artystów Scen Polskich,1
Port Północny Sp,1
Sachsenhausen,1
Zawiszy,1
''Wołyń,1
Fabudzie,1
Katedrze Matematyki Politechniki Śląskiej,1
Kraj,1
Zamkowej,1
Wybrzeże,1
Polu Chwały,1
Pomaturalnym Studium Pielęgniarek,1
Helskiego,1
Barbarą Gruszczyńską,1
Lisków,1
Pod Klifem,1
Piaskownica,1
Fabryce Wtryskarek Ponar,1
Krzyżem Srebrnym Orderu,1
Krzyżem Wolność i Niezawisłość,1
Plastomedawniej X,1
Nieświeża,1
parafii Matki Boskiej Bolesnej,1
„Akademickiego Pisma Informacyjnego”,1
Domu Studenckim Mikrus,1
Spawalni,1
Struga,1
parafii Matki Boskiej Królowej,1
Stołecznym Kuratorium Oświaty i Wychowania w,1
Port Płn,1
Fabryce Armatur,1
Portage,1
Elektrowni Pątnów,1
„Biuletyn Międzywydawniczy”,1
Domu Rekolekcyjnego,1
Sopotni Małej k.,1
Wojewódzkim Parku Kultury,1
Helu,1
Park Solidarności,1
Pomnika Jubileuszowego,1
Wrocławskim Przedsiębiorstwie Budowlanym Północ-Wrocław,1
Jasną Górę Duszpasterstw Ludzi Pracy,1
Odrze we,1
katedrą św.,1
Skierniewickiej,1
Śnieżniku,1
FiSB,1
Obszaru Zachodniego KPN,1
Łasztowni,1
„Morzu,1
ul Rakowieckiej,1
Grand Press,1
Elektrociepłowni Wybrzeże,1
Wojskowym Przedsiębiorstwie Budowlanym,1
Wojewódzkim Przedsiębiorstwie Hurtu Spożywczego,1
Bazylice NMP,1
Beskidzie Niskim,1
Gliwickiej Delegatury „S”,1
Krakowskim Przedsiębiorstwie Instalacji Sanitarnych i Elektrycznych,1
Pyzdr,1
Region Śląsko-Dąbrowski,1
Pomorza Wschodniego,1
Kaszub,1
Generalnej Guberni,1
Kaszuby,1
Honorowy Obywatel Gdyni,1
„Res Publica”,1
Filologii Orientalnej,1
Zygmuntem Raszką,1
Ziemia Dobrzyńska,1
Biblioteka Miejska,1
Dworcu Głównym,1
Pafawagu,1
Wojewódzkim Przedsiębiorstwie Przemysłu Mięsnego w Szczecinie,1
katedry Świętych Apostołów Piotra,1
Orli,1
ZR Pomorza Zachodniego w,1
Adwokatury,1
Państwowym Młodzieżowym Zakładzie Wychowawczym,1
Huty Częstochowa,1
Wojewódzkim Szpitalu Zespolonym w Szczecinie,1
Basztowej,1
Polanie Chochołowskiej,1
Kuby,1
kościoła NMP,1
„Odrze”,1
„Journal of Applied Physics”,1
Kożuchowa,1
Teatrze Na Rozdrożu,1
Morze Czerwone,1
Dom Parafialny,1
Kapituły Kolegiackiej,1
Teatrze Powszechnym w Warszawie,1
Puławskiej,1
Teatrze Powszechnym w,1
''Ostatni,1
Rabie Wyżnej,1
koła Chrześcijańskiej Demokracji,1
Wojewódzkim Przedsiębiorstwie Transportu Handlu Wewnętrznego Warszawa-Wola,1
Gołdapi,1
Szpitala Psychiatrycznego,1
Bibliotece Głównej Politechniki,1
Bibliotece Obserwatorium Astronomicznego University of Warsaw,1
Premierze,1
Zarządzie Fabrycznym „S”,1
ZR Ziemia Przemyska,1
Szewczyków,1
Huty Szkła Gospodarczego,1
Gdańskim Przedsiębiorstwie Robót Inżynieryjnych,1
APM,1
Dolnośląskiego Szlaku św.,1
Europejskie,1
Wojewódzkim Szpitalu Specjalistycznym we Wrocławiu,1
Polifarbu,1
Chemitexie,1
Krajowe Zjazdy „S” Sekcji Chemików i,1
Zakładów Farmaceutycznych Polfa,1
Noszak,1
Everest,1
kościoła Matki Boskiej Zwycięskiej,1
Auschwitz,1
Nowohuckim Przedsiębiorstwie Instalacji Przemysłowych Montin,1
Krakowskim Przedsiębiorstwie Gospodarki Maszynami Budownictwa,1
Zjazdy Adwokatury Polskiej,1
Zamku Książąt Pomorskich,1
parafii Najświętszego Zbawiciela,1
Sanktuarium Nadodrzańskiej Królowej Pokoju,1
Bazylice Archikatedralnej św.,1
Janówce Wschodniej k.,1
Fabryce Papieru w Jeziornej,1
Komarów,1
Kopalnia Węgla Kamiennego Piast'',1
Listu Siedmiu,1
parafii Matki Bożej Zwycięskiej,1
Zakładów Doświadczalnych,1
Walcowni Drobnej,1
Hurtowni Piwa,1
''Wielkie oszustwo'',1
Hotelu Leśnym,1
Szpitala Miejskiego,1
Clover Park Vocational Technical Institut,1
ziemi szczecińskiej,1
Motławy,1
Fabryce Wyrobów Precyzyjnych w,1
Wieprzec,1
Rozmowa,1
Matki Bożej Częstochowskiej,1
parafii Matki Bożej Wspomożenia Wiernych,1
Wyszogrodzkiej,1
Domu Akademickim PW,1
Bytomia,1
Zbrodni Katyńskiej,1
Wojewódzkim Szpitalu,1
Wojewódzkim Ośrodku Medycyny Pracy,1
akademickich,1
Bogdanach Wielkich k.,1
Wielkim Kanclerzu Katolicki Uniwersytet Lubelski,1
Wojewódzkim Magazynie Wyrobów Tytoniowych w,1
Bełchatowskim Okręgu Przemysłowym,1
warty,1
Zygmuntem Łupiną,1
Wojewódzkim Ośrodku Postępu Rolniczego w Minikowie,1
Parowozowni Głównej,1
Warszawskiego Krzyża Powstańczego,1
Klubie Wysokogórskim,1
Domu Pomocy dla Dzieci Upośledzonych Umysłowo,1
Honorowy Obywatel Miasta Zagórza,1
Morze Czarne”,1
Instalu,1
Prywatnym Zakładzie Remontowo-Budowlanym w,1
Zielonogórskim Przedsiębiorstwie Robót Inżynieryjnych,1
Bergen,1
Białym Borze k.,1
Białym Borze,1
Domu Rekolekcyjnym Sióstr Karmelitanek w Czernej,1
Świętej Trójcy,1
Kapituły Legnickiej,1
Brzozowej,1
Górnośląska,1
Fabryce Przyrządów i,1
Studenckim Hufcu Pracy w,1
Inicjatywy Wschodniej,1
Wojewódzkim Specjalistycznym Szpitalu,1
Wojewódzkim Ośrodku Terapii Uzależnienia i Współuzależnienia,1
Bielskiej Fabryce Obrabiarek,1
Teatrze Wielkim,1
Münchberg,1
Olszyńskiej Fabryce Mebli,1
Kuszłeyko,1
Wojewódzkim Szpitalu Zespolonym we Wrocławiu,1
ReKontry,1
pomnika Armii Radzieckiej,1
Opiece Zdrowotnej,1
Zakładach Przemysłu Metalowego H.,1
Ziemi Konińskiej,1
kościoła Świętej Trójcy,1
Bibliotece Głównej Akademii Rolniczo--Technicznej w,1
Ekspozyturze Wojewódzkiej,1
Dziale Modernizacji i Rozbudowy Stoczni Gdańskiej im.,1
Reginy Żółkiewskiej,1
Gabinecie Kosmetycznym WSS Społem w Kaliszu,1
"Wojewódzkim Urzędzie Kontroli Prasy, Publikacji",1
Kursy Przygotowawcze,1
Miejskim Domu Kultury,1
Geofizyki,1
Rondu Niezależny Samorządny Związek Zawodowy „S”,1
Zakładzie Wulkanizacyjnym,1
Honorowy Obywatel Legnicy,1
lubelskiej,1
węgierskiego,1
Domu Małego Dziecka nr 2,1
Domu Małego Dziecka nr 4,1
Poradni Wychowawczo-Zawodowej nr,1
Mazowieckim Oddziale Wojewódzkiego Narodowego Funduszu Zdrowia,1
Narodzenia NMP,1
kościołem Wniebowzięcia NMP,1
Krakowskim Przedsiębiorstwie Transportowo-Sprzętowym,1
Ruda,1
Robotniczego RMP,1
Nod,1
Odry,1
Młynek,1
Żytniej,1
Water Authority of Western Australia,1
Puszczy Kampinowskiej,1
Wolnego Obszaru Celnego Zarządu Morskiego Portu Gdańsk SA,1
Fabryce Akumulatorów,1
Fabryce Maszyn i Urządzeń Gastronomicznych Kromet,1
parafii NMP,1
Wojewódzkim Przedsiębiorstwie Komunikacyjnym Oddział Komunikacji Miejskiej Tramwajowej w,1
Śląskich Zakładach Elektrycznych,1
Pod Kogutem,1
Głównego Mechanika,1
ziemi lubuskiej,1
Wojewódzkim Szpitalu Zespolonym w Kaliszu,1
Ziemi Pleszewskiej,1
Olsztyńskim Przedsiębiorstwie Budownictwa Przemysłowego,1
Wojewódzkim Pogotowiu Ratunkowym w Lublinie,1
Mark Lilla,1
Kyodo,1
Elektrowni Turów,1
Lubelskim Przedsiębiorstwie Instalacji Przemysłowych Instal,1
Zakładzie Szklarniowym,1
Wielkopolskich,1
„Zeszytach Niezależnej Myśli Lekarskiej”,1
Zeszytach Edukacji Narodowej,1
Zajezdni Autobusowej Dąbie,1
Fabryce Samochodów Ciężarowych Star w,1
Szwiązek zawodowy,1
„Niezależnego Serwisu Informacyjnego «Solidarność»”,1
Klinice Hematologii,1
Kwaterze Głównej Związek Harcerstwa Pałskiego,1
parafii Wniebowzięcia NMP w Starym Zamościu,1
Kapituły Kolegiaty Zamojskiej,1
Krzyżem Kawalerskim Orderu,1
jezuitów Św.,1
Ziemi Kujawsko-Dobrzyńskiej,1
Fabryce Maszyn Budowlanych Bumar-Famaba,1
Ziemi Głogowskiej,1
katedrze NMP Królowej Świata,1
Kłodzkiej Fabryce Urządzeń Technicznych,1
Krakowskiej Grupie Amnis,1
kościele Matki Bożej Nieustającej Pomocy,1
Miejskim Domu Kultury w,1
Gwiazda,1
Miejskiej Bibliotece Publicznej,1
Hucie,1
parafii Wniebowstąpienia NMP.,1
kościele Matki Bożej Królowej Polski,1
Aliny Pienkowskiej,1
konduktorskich,1
Świątyni Opatrzności Bożej,1
Kole Szkolnym,1
Zakładach Płyt Pilśniowych,1
Fabryce Przyrządów i Uchwytów w Białymstoku,1
kościoła Wniebowzięcia NMP w,1
Wojewódzkim Zarządzie Dróg Lokalnych Zakład Produkcji Pomocniczej,1
Domu Pomocy Społecznej w Babicy k.,1
„Orientacji na Prawo”,1
Wojewódzkim Urzędzie Telekomunikacji w Szczecinie,1
Wojewódzkim Szpitalu dla Nerwowo i Psychicznie,1
Kujawach,1
kościele Wniebowstąpienia NMP w,1
Fabryce Maszyn Rolniczych Pilmet,1
Dolnośląskim Przedsiębiorstwie Maszyn i,1
Teatrze Dramatycznym im.,1
Pomorzu Gdańskim,1
Huty Szkła Okiennego,1
Kongres ICRA,1
Kursów Akademickich,1
Walny Zjazd Okręgowej Sekcji Kolejarzy Region Gdańsk,1
Nova Medical Polska,1
Klinice Kardiologicznej w Aninie,1
Canberze,1
Polfer,1
Pierwszą Komunię św.,1
Wojewódzkim Przedsiębiorstwie Energetyki Cieplnej w Tarnowie Oddział w Dąbrowie Tarnowskiej,1
Powiślu Dąbrowskim,1
Zorza,1
Budowy Dróg i Mostów w,1
Zakładów Mięsnych,1
Ziemi Sokołowskiej,1
Zarządzie Głównym ZAZwiązek,1
smoleńskiej,1
Józią,1
Domu Księdza Emeryta,1
Piaskach,1
Okręg Kalisko-Leszczyński,1
Zakładach Mechanicznych,1
placu katedralnym,1
parafii Świętego Ducha w,1
Przełaj,1
Wers,1
Kanon Literatury Podziemnej,1
Zakładach Azotowych,1
Krzyżem Wielkim Orderu Zasługi,1
Hurtowni Materiałów Sportowych,1
parafii Wniebowstąpienia NMP,1
Kombinacie,1
Katedrze Ekonomii Politycznej,1
Domu Oficerskim,1
Ziemiach Odzyskanych,1
Nowohuckim,1
Muzeum Etnograficznym,1
Krzyża Nowohuckiego,1
Kole Architektów Wnętrz,1
Krzyżem Drugiej Obrony Lwowa,1
Fabryce Reduktorów,1
Dimograf,1
Fabryce Porcelany,1
Fabryce Porcelany w Schirnding,1
Fabryce Maszyn i Urządzeń Przemysłu Spożywczego Spomasz,1
Hurtowni Stali,1
Miłostowie,1
Elektrowni Skawina,1
Findera,1
Śniadeckich,1
ZR Podkarpacie,1
Zakładzie Energetycznym,1
Pomnik Ofiar Czerwca ’56,1
Region Środkowo-Wschodni,1
Dębach Szlacheckich,1
Wojewódzkim Biurze Budownictwa Lekkiego,1
Wojewódzkim Związku Gminnych Spółdzielni Samopomoc Chłopska w,1
Fabryce Przyrządów i Uchwytów tamże,1
Zamojskiej Kapituły Kolegiackiej,1
Lubelskiej Kapituły Archikatedralnej,1
Chełmskiej Kapituły Kolegiackiej,1
Dziale Literackim,1
Honorowy Obywatel Miasta Puławy,1
Wojewódzkim Zjednoczeniu Inwestycji Miejskich w Gdańsku,1
Wojewódzkim Zakładzie Budownictwa Komunalnego,1
Międzynarodowych Targów Gdańskich,1
Kamionku,1
Krzyżem,1
Komunalnym Cmentarzu Północnym w,1
parafii Matki Bożej Królowej Świata,1
Tatry,1
parafii Opieki NMP w,1
Cmentarzu Miejskim,1
Ogólnopolskie Pielgrzymki Ludzi Pracy,1
Łazarzu,1
parafii NMP Wspomożycielki Wiernych,1
Projektowania,1
Fabryce Maszyn Budowlanych,1
Rzeszowskim Przedsiębiorstwie Budowlanym,1
Zakaukazia,1
Rzeszowskim Przedsiębiorstwie Robót Inżynieryjnych,1
Wojewódzkim Szpitalu dla Nerwowo i Psychicznie Chorych tamże,1
Zielonogórskim Przedsiębiorstwie Budowlanym Nadodrze,1
parafii Matki Boskiej Częstochowskiej w,1
Zjednoczeniu Budowlanym,1
galerii Inny Śląsk,1
Orła Białego,1
Krzyżem Średnim,1
Katedrze Lubelskiej,1
Lubelskim Sejmiku Samorządowym,1
„Kultury Paryskiej”,1
Hurtowni Włóczki Yarbow,1
katyński,1
Katynia,1
Fabryce Samochodów Małolitrażowych Zakład nr 5 Odlewnia Żeliwa,1
Śląska Cieszyńskiego,1
Grybów,1
Thomex,1
Długi Targ,1
Imre Nagya,1
Oficerskim Orderu Zasługi Republiki,1
kościołem Matki Bożej Królowej,1
Wojewódzkim Zakładzie Weterynarii,1
Ośrodkiem Kultury Czechosłowackiej w,1
Ogólnopolskim Komitecie Założycielskim Niezależne Zrzeszenie Studentów,1
Międzynarodówce Oporu,1
Teatrze Kameralnym we,1
Tetrze Dramatycznym,1
Dziale Głównego Konstruktora,1
Wojewódzkim Ośrodku Kultury w Gdańsku,1
kościele Matki Bożej Wspomożenia Wiernych,1
Rybnickiego Okręgu Węglowego,1
Kieleckim Przedsiębiorstwie Robót Mostowych,1
Bibliotece Głównej Akademii Medycznej,1
Wojewódzkim Ośrodku Terapii Uzależnienia,1
Ziemi Ząbkowickiej Klubów Pracy,1
kościoła Nawiedzenia NMP,1
Wojewódzkim Zjednoczeniu Gospodarki Komunalnej i Mieszkaniowej,1
Odrze tamże,1
Świną,1
ZR Pojezierze,1
Wojewódzkim Ośrodku Metodycznym Doskonalenia Nauczycieli,1
Spółdzielczej,1
Komendzie Głównej MO,1
Politechnice Rzeszowskiej,1
parafii Włostowice k.,1
Diecezja,1
Komendzie Głównej Związek Walki Zbrojnej,1
Egon Saat AB Architektkontor w Sztokholmie,1
kościele Serca Jezusowego,1
Ziemi Turkowskiej,1
Kresach,1
Krzyżem Średnim Orderu Węgierskiego,1
Krzyżem Wielkim Królewskiego,1
Katedrze Estetyki University of Warsaw,1
Lwowskiej,1
Wojewódzkim Związku Gminnych Spółdzielni Samopomoc Chłopska,1
Wojewódzkim Zarządzie Państwowe Gospodarstwo Rolne,1
Pałacu Marynki,1
Zakładów Tonsil,1
Wojewódzkim Biurze Planowania Przestrzennego,1
Urzędzie Marszałkowskim Województwa,1
Kazamaty,1
''Pod masztem Krzyża'',1
Poradni Rejonowej,1
Domu Pomocy Społecznej dla Dzieci Niesprawnych Intelektualnie w,1
kościół Świętej Trójcy,1
Grzybowskim,1
parafii Matki Boskiej Loretańskiej,1
Katedrze Zoologii Bezkręgowców,1
Amerykę,1
Poradni Internistycznej Przemysłowego Specjalistycznego,1
Jerozolimskimi,1
Pomnikiem Poległych Stoczniowców w Gdańsku,1
Pilskim Przedsiębiorstwie Budowlanym,1
Domu Akademickim Katolicki Uniwersytet Lubelski,1
Kuratorium Okręgu,1
MB Ostrobramskiej,1
Twórców,1
Europie Zachodniej,1
Koneckich Zakładach Odlewniczych,1
Pomnik Ofiar,1
„Współczesności”,1
Konferencję Madrycką KBWE,1
kopalni Manifest Lipcowy w,1
kościele sw,1
kościele NMP w Ostrzeszowie,1
kamienicy Rynku Głównego,1
Kraśnickiej Fabryce Wyrobów Metalowych,1
Stanisławowie Dużym k.,1
Grupie Włostowickiej,1
Górników,1
Łańcuckiej Fabryce Śrub/Śrubex SA,1
Małopolskiej,1
Bydgoskim Przedsiębiorstwie Budownictwa Przemysłowego,1
Poznańskim Przedsiębiorstwie Budownictwa Przemysłowego nr 2,1
Bibliotece UG,1
Orderu,1
kościele Księży Misjonarzy NMP,1
Miasteczku Studenckim,1
ZR Wielkopolska Południowa,1
Fabryce Maszyn Papierniczych Fampa w Jeleniej Górze,1
Polfie,1
Elektrowni Kozienice,1
Katedrze Ekonomii Politycznej Politechniki Wrocławskiej,1
Archidiecezjalnej Poradni Rodzinnej,1
Zajezdni Autobusowej nr,1
Dolnośląskiej Rodziny Katyńskiej,1
Wszechnicy Kultury Chrześcijańskiej,1
Kopalni Soli w,1
Zakładach Górniczych Lubin Kombinatu,1
europejskie,1
europejska,1
Zakładach Techniki Medycznej w,1
kina Kosmos),1
„Biuletyn Niezależny Samorządny Związek Zawodowy «Solidarność»”),1
NZPS Podhale,1
Punkcie Konsultacyjnym,1
Katedrze Ekonomii Politycznej Wydz,1
Katedrze Ekonomii Społecznej Wydz,1
ZR Środkowo-Wschodnim,1
Środkowej,1
„Chłodnictwie”,1
parafii Świętej Rodziny w,1
Wojewódzkim Szpitalu Zespolonym w Łomży,1
Sanktuarium Matki Bożej w Grodowcu,1
kościoła MB Królowej,1
Dworcu Centralnym,1
Wojewódzkim Przedsiębiorstwie Robót Drogowych,1
Żaglowej,1
Wojewódzkim Przedsiębiorstwie Energetyki Cieplnej w Kaliszu,1
Przychodni Wojskowej,1
Wojewódzkim Urzędzie Poczty,1
Sanktuarium Matki Bożej w Głogowcu,1
Wojewódzkim Zespole Pomocy Społecznej,1
PDKomitet Obywatelski,1
Domu Kultury Kolejarza,1
kościele bł.,1
Zjednoczeniu Energetyki,1
Pomorskiej Odlewni i Emalierni w Grudziądzu,1
Pomorskiej Odlewni i Emalierni,1
Domu Rekolekcyjnym,1
Fabryce Urządzeń Okrętowych Techmet w Pruszczu Gdańskim,1
Zakładach Okrętowych Urządzeń Elektrycznych,1
Dziennym Oddziale Rehabilitacji Dzieci Niepełnosprawnych w,1
Komandorskim Republiki,1
Czarnym Borze,1
Białostocczyźnie,1
Lubelskim Studio Teatralnym,1
Centrum Kultury w Lublinie,1
Zakładach Wyrobów Kamionkarskich,1
Krzyża Semper Fidelis,1
Wiśle Wielkiej k.,1
Hotelu Bristol,1
Skarb,1
Ziemi Sądeckiej,1
Katedrze Muzykologii University of Warsaw,1
Międzynarodową Konferencję Ministrów Kultury,1
Pragę,1
Fabryce Automatów Tokarskich,1
Obornik Śląskich,1
śląskiego,1
Wojewódzkim Ośrodku Informatyki w Gdańsku,1
Gdańskie Wydawniej Prasowe,1
Zarządzie Morskiego Portu Gdańsk SA,1
Cmentarzu Centralnym w Szczecinie,1
Zakładzie Poprawczym w Jerzmanicach-Zdroju,1
Złotoryi,1
Zakładzie Poprawczym w,1
Pracowników Branży Odzieżowej,1
Kreml,1
Katedrze Języka,1
Cystersów,1
Katedrze Ogólnej Uprawy Roli i,1
Konfraterni Akademickiej,1
parafii Wszystkich Świętych w,1
Olsztyńskich Zakładach Opon Samochodowych,1
Pracowni Projektowej,1
Podolu,1
powizytkowskim,1
Krajowe Zjazdy Adwokatury,1
Zakładów Azotowych,1
kościele gruszowskim,1
Góry Śląskiej,1
Śląskich Technicznych Zakładach Naukowych,1
Zakładach Wyrobów Powlekanych Sanwil,1
Ziemi Szczecińskiej,1
Dolnośląskim Zakładzie Doskonalenia Zawodowego we,1
Krakowskim Przedsiębiorstwie Robót Inżynieryjnych,1
Przychodni Obwodowej,1
Wojewódzkim Zjednoczeniu Melioracyjnym w,1
Imprimerie Braun SA,1
Fabryce Sprzętu Rolniczego Inofama,1
kościoła Świętych Apostołów Piotra,1
Solecznikowskiego,1
parafii Matki Boskiej Częstochowskiej,1
Światowym Kongresie Polonii w Krakowie,1
kościele rzymsko-katolickim,1
Sejmem,1
Góra,1
małopolskiego,1
Wrocławskim Przedsiębiorstwie Remontowo-Budowlanym,1
Chmielewickiej Elektrowni Atomowej,1
kościele Narodzenia NMP w,1
Rusi,1
Górze Cierniak,1
Wojewódzkim Urzędzie Pracy w Gdańsku,1
Bałtyckiej Bazie Masowej Sp.,1
Kapituły Orderu,1
Wojskowym Klubie Sportowym Legia Warszawa,1
Domu Studenckiego,1
Mostostalu,1
Ogólnopolskie Spotkanie Przedstawicieli MKomisja Zakładowa-ów,1
Poradni Wychowawczo-Pedagogicznej,1
Elektrowni Jądrowej Żarnowiec,1
branży księgarskiej,1
Agorze,1
Domu Kultury w Milejowie,1
Pałacu,1
„Miejskiej Gazecie Powszechnej”,1
Lubania Śląskiego,1
Bibliotece Miejskiej,1
Bibliotece Wydz,1
klasztorze ss.,1
kościele Podwyższenia św.,1
Lodzie,1
bazylice Mariackiej,1
Bibliotece Gdańskiej Polska Akademia Nauk,1
Szkoła Podstawowa/,1
Merinotexie,1
Fabryce Zegarów,1
Geofizyce Toruń,1
Zakładach Przemysłu Wełnianego,1
Wojewódzkim Ośrodku Doskonalenia Kadr Mechanizacji Rolnictwa,1
kościele Niepokalanego Poczęcia NMP,1
Bibliotece Pisarzy,1
Dolnośląskich Zakładach Magnezytowych Magnezyty,1
Wojewódzkim Przedsiębiorstwie Arged,1
Dziale Wydawniczym Katolicki Uniwersytet Lubelski,1
nadbałtyckich,1
Bałtykiem,1
Urzędzie Wojewódzkim w Gdańsku,1
parafii Opatrzności Bożej w,1
Honorowy Członek „S”,1
Fabryce Pomocy Naukowych,1
Opolskim Przedsiębiorstwie Budownictwa Przemysłowego nr 1 Kierownictwo Robót,1
Winnipeg,1
Szpitala Powiatowego w,1
Fabryce Okuć Metalowych,1
Ziemi Świdnickiej,1
Katedrze Oliwskiej,1
Australii Zachodniej,1
Fabryce Dywanów,1
Ziemi Oławskiej,1
Podkarpackiej Regionalnej Kasie Chorych,1
Wojewódzkim Przedsiębiorstwie Handlu AGD Arged,1
Archiwach Państwowych w,1
Jeziorem Nierzym,1
Państwowym Domu Dziecka w,1
Odnowa,1
Wojewódzkim Szpitalu Zespolonym,1
przepustce – hospitalizowany),1
Hali Łabowskiej,1
Prehybie,1
Wierchomlą,1
Duszpasterskim Ośrodku Kultury Chrześcijańskiej,1
Mieleckich Zakładach Rejonowych Gazów Technicznych Polgaz,1
Dziale Elektrycznym,1
Majdanku,1
Pojezierzu Kaszubskim,1
Zrzeszeniu Wolność i Niezawisłość,1
Dekutowskim Zaporą,1
pomorski,1
Zakładach Chemicznych Blachownia,1
Tysiąclecie,1
Wojewódzkim Funduszu Ochrony Środowiska,1
Galerii Działań Maniakalnych,1
Sali BHP,1
Wojewódzkim Urzędzie Telekomunikacji w,1
Centrum,1
kTW,1
Młodzieżowym Domu Kultury im.,1
Wojewódzkim Przedsiębiorstwie Wodno-Kanalizacyjnym,1
Miastoprojekcie Wrocław,1
Wojewódzkim Urzędzie Poczty w,1
Bibliotece Bobolanum,1
Bramą nr 2 Stoczni,1
Galerię św.,1
Wojewódzkim Szpitalu im.,1
Zamoyskich Tarnowskiej,1
kościół NMP Matki Kościoła,1
Sambijskiej Kapituły Kolegiackiej,1
Lampar,1
Powszechnym Domu Towarowym,1
Zakładów Sodowych,1
Europę,1
Pomnika Legionisty,1
Księgarni św.,1
norweskich,1
Produkcyjnym Ośrodku Maszynowym,1
Bibliotece Głównej Akademii Medycznej w,1
adwokacką,1
Sali Herbowej Urzędu Wojewódzkiego w Gdańsku,1
Fabryki Wyrobów,1
Fabryce Maszyn Lniarskich Fa-Ma-Len w,1
Wojewódzkim Zakładzie Transportu Mleczarskiego tamże,1
ziemi leżajskiej,1
ulicy Floriańskiej,1
Ameryki Środkowej,1
„Olsztyńskim Kurierze,1
Świętej Lipce i Piotrkowie Tryb,1
„Przedmurzu”,1
Brzózie Królewskiej k.,1
Ziemi Leżajskiej,1
Brzózie Stadnickiej,1
Szpitala,1
Poznańskim Przedsiębiorstwie Budownictwa Przemysłowego Rejon Piła,1
Fabryce Urządzeń Mechanicznych Ponar-Ostrzeszów,1
Podbeskidzia,1
Fortecznej,1
Malta,1
Polance Wielkiej k.,1
Oddziale Dziennym,1
Samodzielnym Publicznym Specjalistycznym,1
II Oddziale Dziennym,1
Grupach Katolickich,1
ZASM,1
Stowarzyszeniem Pax,1
Kaukazie,1
„Nowego Dziennika”,1
''Wszechświat Kopernika,1
parafii Matki Bożej Nieustającej Pomocy,1
kościoła farnego,1
Urzędzie Morskim w,1
Dom Samotnej Matki w Szczecinie,1
Konfraterni im.,1
Hanny Rudzińskiej,1
Krzyżem Komandorskim Orderu Wielkiego Księcia Giedymina,1
Odrze Wrocław,1
Zakładach Mechanicznych Legmet,1
Kolejach Państwowych,1
Gdańskiej Fabryce Opakowań Blaszanych,1
Fabryce Silników Elektrycznych Ema-Tamel tamże,1
Pomnika Poległych Stoczniowców,1
kiosku Ruch,1
antyhitlerowską,1
Podhale,1
Tajnej Miejskiej Komisji „S”,1
Kole Autorów Form Literackich Region Mazowsze,1
Wizytacja,1
Pomorze,1
Białostockim Przedsiębiorstwie Budownictwa Przemysłowego,1
Świebodzkiej,1
Fabryce Tarcz Ściernych,1
Domu Opieki Społecznej Towarzystwa św.,1
Punkcie Konsultacyjno-Informacyjnym w,1
Odnowy,1
Fabryce Przyrządów i Uchwytów w,1
Fabryce Mechanizmów Samochodowych Polmo w,1
PWSZwiązek Artystów Scen Polskich,1
Tymczasowej Tarnowskiej,1
Fabryce Lokomotyw,1
Montelupich,1
„Biuletyn Małopolski”,1
Białym,1
Zakładzie Automatyki,1
PSz,1
kościele Ścięcia św.,1
Katedrze Nauki o,1
Katedrze Logiki,1
Poradni Przedmałżeńskiej,1
Filologii Indoirańskiej,1
Afryki Wschodniej,1
Ameryki Południowej,1
Ośrodkach Kultury Chrześcijańskiej,1
Gabinecie Ministra,1
Targówek,1
Wzgórzu Zamkowym,1
Krzyżu Kwietnym,1
Fabryce Samochodów Małolitrażowych Zakład nr 4,1
Świdnickiej Fabryce Urządzeń Przemysłowych,1
Zakładach Aparatury Oświetleniowej,1
Obozu Patriotycznego,1
Międzyzakładowym Komitecie Organizacyjnym „S”,1
hotelu Orbisu Beskid,1
kościoła Najświętszej Maryi Panny,1
Połańcem,1
Stronnictwie Ludowym Ojcowizna,1
Księgarni Akademickiej w,1
Domu Kultury Korab,1
II WZD,1
„Czasu Krakowskiego”,1
Dolnośląskiej Fabryce Instrumentów Lutniczych w,1
Franksville,1
Lubelszczyznę,1
kościele Podwyższenia Świętego Krzyża,1
Wojewódzkim Przedsiębiorstwie Energetyki Cieplnej Kalisz,1
kościele Matki Boskiej Bolesnej,1
Wszechświata,1
Kapituły Kolegialnej,1
Zakładzie Budowlano-Remontowym,1
Zamku Królewskiego,1
Zakonie Braci Mniejszych Kapucynów,1
Świata Pracy,1
ZR Śląsko-Dąbrowskiego,1
Kępno Spółka z,1
Dolnośląskich Zakładach Chemicznych Silesia-Organika,1
Sądowej,1
Ziemi Żarowskiej,1
„Biuletyn Niezależny Samorządny Związek Zawodowy »Solidarność«,1
Huty Ferrum,1
Bazylice Matki,1
żwirowisku,1
zachodniopomorski,1
Czeka,1
Udział,1
Zakładach Wyrobów Azbestowych Gambit,1
Wojewódzkim Związku Spółek Wodnych,1
Ministrze Spraw Wewnętrznych,1
Światowy Kongres Pracowników Przemysłu Motoryzacyjnego,1
Domu Akademickim Grześ,1
Orderu Orła Białego,1
Głuchej Puszczy,1
Ogrodowej,1
"Tygodni Kultury Chrześcijańskiej, Katolickich Dni Społecznych",1
Krzyżem Zesłańców Sybiru,1
Gdyńskim Przedsiębiorstwie Budownictwa Przemysłowego,1
Fabryce Kabli,1
Wojewódzkim Zarządzie Zakładów Karnych w,1
ul Klonowica,1
Domu Kultury Skarpa Spółdzielni Mieszkaniowej Mokotów,1
Domu Kultury Stoczni,1
Domu Kultury Stoczniowca Korab,1
Wojewódzkim Przedsiębiorstwie Usług Komunalnych,1
Centrum Kultury,1
Lubelskim Ośrodku Samopomocy,1
Bystrzycy,1
Łączy,1
Wisła,1
Fabrykę Wyrobów Metalowych Podkowiak,1
Wschodu,1
Obrony Cywilnej,1
Gdańskiego,1
Wojewódzkim Przedsiębiorstwie Budownictwa Miejskiego,1
Głównym Biurze Studiów i Projektów Górniczych,1
Mogilska,1
Myślenicach,1
Wojewódzkim Przedsiębiorstwie Badawczo-Usługowym Pesop,1
Zarządzie,1
Plasmaphysik,1
Domu Handlowym Nauki Polska Akademia Nauk,1
Puszczy Piskiej,1
Azję,1
Katedrze Biochemii,1
Szpitala św.,1
Fabryce Pomocy Naukowych w,1
Fabryce Lin,1
Głogowskiej Fabryce Maszyn Budowlanych/Zakładzie Maszyn Budowlanych Kombinat Urządzeń Mechanicznych Bumar-Łabędy,1
Wojewódzkiej Bibliotece Pedagogicznej,1
„Grypsie”,1
Domu Opieki Młodzieży Upośledzonej Umysłowo,1
Fabryce Urządzeń i Aparatury Mleczarskiej w Szczecinie,1
Punkcie Konsultacyjno-Informacyjnym,1
Zarządzie Automatyki i Łączności,1
Zakładzie Teleinformatyki,1
Pomorskich Zakładach Urządzeń Okrętowych Warma,1
Hynka,1
Operatorze Logistycznym Paliw Płynnych,1
Dziale Technicznym Zarządu Wagonów,1
Diecezjalnym Punkcie Pomocy Charytatywnej,1
szczecińskiej,1
Wojewódzkim Szpitalu Zespolonym w Pile,1
Fabryce General Motors w Arlington,1
Europę Północną,1
"Tygodni Kultury Chrześcijańskiej, Mszy",1
"Domu Studenckim 

	",1
Manhattanie,1
Węźle Polskie Koleje Państwowe Lublin,1
Kaplicy Pamięci Kolejarzy,1
Pomarańczowej Alternatywy we Wrocławiu,1
Charłupi Małej,1
Libertem Potockim,1
Wojewódzkim Zespole Rehabilitacyjnym w Świebodzinie,1
kościele Najświętszej Marii Panny,1
Fabryce Samochodów Małolitrażowych Zakłady Kuźnicze,1
Śląsk Cieszyński,1
Kongresie Regionalnym CISL,1
Gorlic,1
Wojewódzkim Specjalistycznym Zespole Opieki Zdrowotnej Chorób Płuc i Gruźlicy,1
Zakładach Koksowniczych Wałbrzych,1
Kościelnej Wsi k.,1
„Razem”,1
Pomnik Ulotki,1
„Niepodległości”),1
Kętrzyńskim Przedsiębiorstwie Budowlanym,1
Morskim Okiem,1
Turbaczu,1
Chaty Górskiej Cyrla,1
Ziemi Grajewskiej,1
Ogólnopolskiego Zlotu Harcerskiego,1
Bibliotece Głównej Akademii Ekonomicznej,1
Wojewódzkim Zakładzie Katastralnym we,1
„Kurierze Szczecińskim”,1
Państwowym Domu Dziecka,1
Domu Dziecka w Liskowie,1
Oniego,1
Diecezjalnym Domu Rekolekcyjnym w Łabuniach,1
Kutnowskim Przedsiębiorstwie Budowlanym,1
Domu Towarowym Bryza,1
Teatrze Ludowym,1
Smykały,1
Zakładzie Doświadczalnym Techpan Instytutu Podstawowych Problemów Techniki Polska Akademia Nauk,1
Hurtowni Spożywczej KIER,1
Lecznicy Zwierząt w Gryfinie,1
Wojewódzkim Zakładzie Weterynarii w,1
kościele o.o.,1
Wojewódzkim Przedsiębiorstwie Zaopatrzenia Górniczego,1
Podyplomowych Dziennych Studiów Dziennikarskich,1
Odyńca,1
Duszpasterstwie Akademickim Katolicki Uniwersytet Lubelski,1
Wojewódzkim Przedsiębiorstwie Transportowym,1
kościele Matki Boskiej Częstochowskiej,1
Odlewnictwa,1
Ciszycy Przewozowej k.,1
Górę,1
kiosku warzywnym,1
Muzeum,1
Osobowicach,1
Biblioteka Kultury Niezależnej Próby,1
„Dolnośląskiej Gazety Szkolnej”,1
Premierze Rzeczpospolita,1
saperskiej,1
Opaczewskiej,1
Wojewodzie Zamojskim,1
kościele Matki Bożej Zwycięskiej,1
Radosławem Wyrzykowskim,1
Olimpijczyków Polskich,1
Okręgowych Warsztatów Samochodowych we,1
Wszechnicy Nauczycielskiej w,1
„Aneks”,1
Berg Arkitektkontor AB w Sztokholmie,1
podkarpackim,1
radio Via,1
Morwa,1
Filomatów Chojnickich,1
Katedrze Fizyki Teoretycznej,1
Katedrze Fizyki Politechniki,1
wieruszowskiej,1
Cadet,1
Olsztyńskich Zakładach Samochodowych,1
„Kulturze”,1
Szpitala Wojewódzkiego,1
Skrodzie Wielkiej k.,1
kościoła Matki Boskiej Królowej Męczenników w,1
Dziale Zagranicznym,1
Wojewódzkim Szpitalu Zespolonym w Suwałkach,1
Zakładach Mechanicznych Zamech,1
Elbląskiej Fabryce Urządzeń Okrętowych,1
Elbląskim Domu Kultury,1
Teatrze Chrześcijańskim,1
parafii Matki Bożej Królowej Pplski,1
DZarząd Główny,1
Fabryce Obrabiarek Precyzyjnych w,1
Katedrze Techniki Cieplnej,1
Wojewódzkim Zarządzie Państwowych Gospodarstw Rolnych,1
Polonijnym Przedsiębiorstwie Zagranicznym Rega,1
Miastoprojekcie Szczecin,1
Cieplicach Śląskich-Zdrój k.,1
Wojewódzkim Szpitalu Zespolonym w Jeleniej Górze,1
Zbrodni Lubińskiej,1
Zarządzie Wojewódzkim „S” Niezależny Samorządny Związek Zawodowy Rolników Indywidnal-nych „Solidarność”,1
Fabryce Silników Elektrycznych Tamel,1
Tarnowskim Porozumieniu Wyborczym,1
Kościele NMP w Gdańsku,1
Przychodni Specjalistycznej nr 1 w,1
Naczelnym Dyrektorze Archiwów Państwowych w,1
Siennej,1
Lipowej,1
krzyża Poległym,1
Zakładzie Ślusarskim,1
Starym Skałacie k.,1
A.,1
Katedrze Matematyki,1
parafii Nawiedzenia NMP,1
„Wrocławskim Tygodniku Katolickim”,1
Ziemia Radomskia,1
kościoła Najświętszej,1
Narwi,1
Fabryce Uchylni,1
Parowozowni,1
Sanktuarium Matki Bożej Jutrzenki Nadziei,1
kościoła NMP Królowej,1
Ziemia Turecka,1
Bibliotece Polskiej,1
Cerberus AG,1
Ziemi Opolskiej,1
Czerwonym Borze k.,1
Lekka Atletyka,1
kościele Bożego Ciała,1
NMP Wspomożycielki Wiernych,1
parafii Najświętszego Serca,1
Spisza,1
Studium Wojskowego,1
Zakładzie Doświadczalnym,1
Aleksandrą Bessert,1
Kornelem Morawieckim,1
Zamku Królewskim,1
Wawelu-Państwowych Zbiorach Sztuki,1
Lechu Wałęsie,1
Arktyki,1
Antarktydę,1
Prokuratorze Generalnym,1
Sybir,1
europejskiego,1
parafii Wniebowzięcia Najświętszej Maryi Panny,1
Dolnośląskiej,1
Dąbrowskiej Fabryce Obrabiarek DEFO,1
kościołem Świętych Apostołów Piotra,1
Studenckiego Schroniska Turystycznego,1
ZR Podbeskidzie,1
Fabryce Włókienniczej,1
Aptece Panaceum,1
Fabryce Wodomierzy we Wrocławiu,1
Dolnośląskim Przedsiębiorstwie Budownictwa Elektrycznego,1
Wojewódzkim Zjednoczonym Przedsiębiorstwie Melioracyjnym,1
Fabryce Siewników Brzeg/Fabryce Maszyn Rolniczych Agromet,1
Teatrze Współczesnym we,1
Wrocławskim Teatrze Wspólczenym,1
Zaskroniec,1
Lekarskim ŚAkademia Medyczna,1
Piecka,1
ŚAkademia Medyczna ws.,1
Mechaniczno-Technologicznego,1
Fabryce Maszyn Elektrycznych Indukta,1
Domu Dzieci Upośledzonych we Wrocławiu,1
„Czeskiego Dziennika”,1
Fabryce Silników Elektrycznych Besel,1
Zarządzie Morskich Portów Szczecin-Świnoujście,1
Gdańskui,1
„Galerii,1
Kwadrat,1
Wojewódzkim Zakładzie Usługowo-Produkcyjnym w,1
Fabryce Mechanizmów Samochodowych Polmo,1
Orlinek,1
Ulica Małopolska,1
Kawiarni Literackiej,1
Kontrasty,1
Jarosławskim Przedsiębiorstwie Skupu Surowców Włókienniczych i Skórzanych,1
Państwowym Młodzieżowym Zakładzie Wychowawczym w,1
Tygodni Kultury Chrześcijańskiej i Katolickich Dni Społecznych,1
Fabryce Krosien Bawełnianych – Przedsiębiorstwie Państwowym Wyodrębnionym,1
„Pod Sztandarem”,1
Filozoficzny,1
Katedrze Ekonomii Politycznej Wyższej Szkoły Rolniczej w,1
Antoninie Nowym k.,1
Fabryce Transformatorów,1
Armii Ludowej,1
Zakładach Aparatury Elektrycznej Ema-Elester tamże,1
Wojewódzkim Zarządzie Wodnych Melioracji w Białymstoku,1
Germańskiej,1
Klinice Psychiatrii Sądowej w Pruszkowie,1
Kutnowskiej Rodziny Katyńskiej,1
Miejskiej,1
Zakładzie Betoniarskim,1
Biblioteką UŁ,1
Properties,1
ulicy Smutnej,1
Centralnej Bazy Części Zamiennych Agroma,1
Katedrze Dziennikarstwa i Komunikacji Społecznej UŁ,1
Światło,1
Fabryce Maszyn Górniczych Pioma w,1
Poradni Wychowawczo-Zawodowej nr 2 w,1
Wojewódzkim Zarządzie Spółdzielni Rolniczych Samopomoc Chłopska,1
PSTBR Transbud,1
Świebodzińskim Kombinacie Rolnym,1
Szpitala Powiatowego,1
„Nurt”,1
Bibliotece Raczyńskich,1
Poznańskim Towarzystwie Przyjaciół Nauk,1
Zamek,1
Akademii Lekarskiej,1
Florydzie,1
Fabryce Nawozów Fosforowych w,1
Tymczasowej Miejskiej/,1
Wybrzeżu Wyspiańskiego,1
Konstruktorski,1
Domu Handlowego Nauki w,1
„Więź”,1
Kościuszkowskiej,1
Zbigniewem Polińskim,1
Miejskiego Ogrodu Zoologicznego,1
Wojewódzkim Szpitalu Zespolonym w Płocku,1
Groby Road Hospital,1
Wojewodzie Płockim,1
Fabryce Maszyn Żniwnych,1
Twórczego Wychowania,1
Wrocławskim Przedsiębiorstwie Instalacji Przemysłowych,1
Wrocławskim Przedsiębiorstwie Budowlanym Południe,1
Pojezierze,1
parafii Matki Bożej Różańcowej,1
kościele Wniebowzięcia Najświętszej Maryi Panny,1
Oddziale Wewnętrznym,1
Litwie – Służba Prasowa Sajudisu,1
Walcowni Średnio-Drobnej,1
Wolumen,1
Niepodległość,1
inwalidzkiej,1
Walecznych,1
Sprawy Obiektowej,1
Ostrowi Mazowieckiej,1
Bugiem,1
Działkach Wolności,1
Huty Oława,1
kościele powizytkowskim,1
Matki Bożej Zwycięskiej,1
Maszynowej,1
Zakroczymia,1
twierdzy Modlin,1
„Listu 34”,1
Wojewódzkiej Poradni Wychowawczo-Zawodowej,1
Wojewodzie Lubelskim,1
Chrześcijańskiej Demokracji,1
Galerię Sztuki,1
Lutnia,1
Komendach Rejonowych MO,1
Kocmyrzowskiej,1
kina Świt,1
"Morze Czarne""",1
Urzędzie Wojewódzkim i Towarzystwie Miłośników Wrocławia,1
„Anty-Trio”,1
Nilu,1
"Rakowieckiej""",1
„Biuletyn Informacyjny Więźniów Politycznych,1
Zakładach,1
Domu Studenckim nr 1,1
Radą Pracowniczą,1
„Biuletyn Informacyjny «Pojezierza»”,1
Szpitalna 5,1
IX Wieków Kielc,1
parafii Opatrzności Bożej,1
Będziński,1
Miodowa,1
„Biuletyn Informacyjny «Fakty»”),1
„Biuletyn Związkowy,1
„Biuletyn Informacyjny Informacyjnej Służby Wyborczej,1
Ponikwoda,1
Kombinacie Budowlanym,1
Kombinacie Budowlanym Gdynia”,1
Fabryce Samochodów Dostawczych,1
Krasnostawski Biuletyn Informacyjny”,1
„Biuletyn Informacyjny,1
Malcach k.,1
Asnyka,1
„Biuletyn Informacyjny Założycielskiego Komitetu Robotniczego Niezależnego Samorządnego Związku Zawodowego «Solidarność» FSC Lublin”,1
Dłużniewskich,1
„Nieludzkiej Ziemi”'',1
antysemickie,1
„Biuletyn Pism Związkowych i,1
„Biuletyn Wrocławski Niezależnego Zrzeszenia Studentów”,1
Jerozolimskich,1
Zdecydowano,1
Warmińsko-Mazurski”,1
Reformackiej,1
Cmentarza Osobowickiego,1
Ziemi Ząbkowickiej,1
Rynku Głównego,1
ulicy Szewskiej,1
Planty,1
Europą,1
Wita Stwosza,1
wieży Zamku,1
Pałacu Kultury,1
Stalingradzką,1
Rondzie,1
Pułaskiego,1
Stalingradzkiej,1
Wieniawskiego,1
Roosvelta,1
Lutyckiej,1
Domu Słowa Polskiego w,1
Dobrej,1
Czarna Trzynastka,1
Czarnej Trzynastki,1
Poradni Rodzinnej,1
kościele Najświętszego Serca Jezusowego w,1
Soninie,1
Jasne Górze,1
Bojarskiej,1
„Biuletyn Informacyjny Siódemki”,1
Katedrze Wawelskiej,1
kościoła NMP Matki Kościoła,1
Ludwisarni Felczyńskich w,1
kościół N.,1
Oficyna WE,1
Program Rozwoju Społecznego Wsi,1
Kościół,1
Biblioteka Historyczno-Literacka,1
Dolnośląskiej Ziemi,1
Komunikacie,1
Oświadczenia,1
Klaudyny,1
Konstancinem,1
Anity Górskiej,1
Ostrów Św.,1
Łowicka,1
Domu Słowa Polskiego w Warszawie,1
Małopanewskiej,1
Szwecję,1
Pomarańczowej Alternatywy,1
Czerwonego,1
Syberię”,1
„Czerwone,1
ulic Strzeleckiej,1
Wartą,1
Budopol,1
Hotelu Europejskim,1
Pałacu Namiestnikowskim,1
H.,1
Kąkola,1
Fabryce Samochodów Ciężarowych w Lublinie,1
katyńskiej,1
Piekar Śląskich,1
Muchowcu,1
Mała Ziemia,1
Jeleniogórskim Zakładzie Farmaceutycznym Polfa,1
Karcie,1
kaszubskim,1
kaszubskiej,1
kościoła farnego tablicy,1
Październikowej,1
Poniedziałek Wielkanocny,1
K.,1
Wniebowstąpienia NMP,1
Dziekania,1
Klubie,1
„Biuletyn Informacyjny Pomorskiego Klubu Społecznego”,1
znakowską,1
zachodnioeuropejskim,1
Związkowym Domu Kultury,1
Kampinoskiej,1
Szlenkierów,1
Przewozów Wewnętrznych,1
Kombinatu,1
Wojewodzie Katowickim,1
Produkcyjnym Ośrodku Maszynowym w,1
Zofię Romaszewską,1
Bohaterów Westerplatte,1
Leczkowa,1
Łysej Górze,1
Aliny,1
sali Domu Katechetycznego,1
kościoła parafialnego,1
amfiteatrze kępińskim,1
Odolanowskiej,1
Domu Parafialnym w Pleszewie,1
Motowidłowskiej,1
ziemi wieruszowskiej,1
kościoła Bożego Miłosierdzia w,1
Placu Centralnego Nowej,1
Dworze Artusa,1
Ozimskiej,1
Żurawiej,1
Zdeb,1
Łowiska,1
Komitetów,1
"Bibliotece Narodowej""",1
Armia Krajowa,1
„Droga”,1
Zakładzie Rolnym w Lubogórze,1
Kooperatywa Wydawnicza Wyzwolenie,1
Poległych Górników,1
Krzyżakami,1
Hala Olivia,1
Ziemię Kutnowską,1
Chłodnej,1
Zakładach Techniki Obliczeniowej w,1
Stojanowski,1
„Biuletyn Informacyjny Niezależny Samorządny Związek Zawodowy «Solidarność» Pracowników,1
Związek,1
Ustawą,1
Wzgórze św.,1
Drodze Męczenników Majdanka,1
Bożego,1
Legionów Piłsudskiego,1
Kopalnia Węgla Kamiennego Manifest Lipcowy w,1
Podbeskidzie,1
Wasilewski,1
Kolegialną,1
Łazienną,1
Mariańska,1
Stary Rynek,1
Zamkowy,1
Miodowej,1
Floriańską,1
Bazylice Najświętszej Marii Panny,1
Grób Nieznanego Żołnierza,1
Warszawską,1
kościół Mariacki,1
kopalni Wujek,1
"Domu Handlowego 

	Tęcza Tęcza",1
Prywatna Inicjatywa Krakowska,1
Związkowym Domu Kultury „Solidarność”,1
Krotoszyńskich Zakładach Mięsnych,1
Krowodrze,1
Wyzwolenia,1
Zakładach Górniczych Rudna,1
Dąbrowszczaków,1
parafii kępińskiej,1
ulicy Bohaterów Stalingradu,1
ziemi sycowskiej,1
Domu Parafialnym w,1
Zarządzie PTG,1
Placu Juranda,1
Odrowąża,1
Regionie Komitety Założycielskie „S” pocz,1
PPR,1
Dziale Poligrafii,1
Elektrobudowy Konin,1
Huty Warszawa,1
Pomnikiem Ofiar Czerwca,1
Przędzalni Czesankowej Anilany Polanil,1
kościoła Niepokalanego Serca Maryi,1
Morawach,1
„Biuletyn Zjazdowy”,1
Ziemi Kluczborskiej,1
Sycowskiej,1
Kępno,1
Syców,1
Fabryce Obrabiarek Specjalnych w,1
Sierocej,1
Bibliotekę Spotkań,1
Międzynarodowych Targach Książki we,1
Audytorium Maximum Uniwersytetu,1
Międzynarodowych Targów Książki,1
bazylice świdnickiej,1
Czerwonym,1
Domu Studenta nr 1 Akademia MedycznaB,1
Akademickiej,1
Warsaw,1
Mokotowska,1
Interdruk,1
Biblioteczka Laureatów Nagrody Nobla,1
Wzgórzu Partyzantów,1
Grodzkiej,1
Emilii,1
Bibliotekę Lwowską,1
Przedgórzu Bieszczadzkim,1
Domu Kultury w Słocinie,1
Sali Większej,1
Mszach Akademickich,1
Domu Parafialnego,1
Kaplicy Akademickiej,1
kościele NSJ,1
Ziemi Olsztyńskiej,1
Ojczyzna,1
KICHAkademia Medyczna,1
Meiselsa,1
„Niezależnego Serwisu Informacyjnego”,1
Maja Komorowska,1
Areszt Śledczy,1
Południowej,1
kaplicy Ośrodka,1
Krzyża Strzebielińskiego,1
Strzebielińskiej,1
Regionów,1
Kudyk Zdzisław,1
Niesyn,1
Ośrodkami,1
CNPME,1
kościele MBB,1
Chełmińskim Przedmieściu,1
Kompozytorów,1
Kaplicy Matki Bożej Częstochowskiej,1
kaplicę Niepokalanego Serca Maryi,1
Krzeptówkach,1
kościele parafialnym.,1
Myśląc Ojczyzna,1
Sala Kolumnowa,1
Matki Boskiej Zwycięskiej,1
Galerii św.,1
kaplicą św.,1
Górce,1
prokatedry Wolnej Prałatury Pilskiej,1
Rodziny Salezjańskiej,1
Oddziale III,1
Konferencję Zakładową,1
Region Wielkopolska,1
Bramy Głównej Stoczni,1
świebodzińskich,1
Valladolid,1
Pomorze Gdańskie,1
Ameryki Północnej,1
Kunickim-Goldfingerem,1
Odrze,1
Nysie Łużyckiej,1
placu Lokomotywowni Polskie Koleje Państwowe Lublin,1
Europy Środkowej”,1
Europy Środkowej'',1
warmińskiej,1
Redawniej,1
Etiudy Rewolucyjnej,1
Wojskowym Sądem Garnizonowym w,1
Pocztowej,1
Szafranka,1
wielkopolskich,1
Kurię Biskupią,1
Zachódawniej Deklarację Komitetu,1
Kmiecie,1
Świątyni Sybilli,1
Domku Gotyckiego,1
Konstytucyjnej,1
Zachodniej,1
Bohaterów Warszawy,1
Maiselsa,1
Zabłockiego,1
Wiejskiej,1
Miedzianej,1
„Toruńskim Informatorze Solidarności”,1
Parku Kultury,1
ul Kosmonautów,1
Wojskowym Sądem Garnizonowym,1
Bohaterów Stalingradu,1
Młyńskiej,1
Topolówki,1
Silnicy,1
Solec,1
Leśnej,1
Superjednostki,1
Kopalnia Węgla Kamiennego Andaluzja,1
Zakładach Automatyki Przemysłowej Mera-Zap,1
Słowiańskiej,1
Przegorzałach,1
Olsztyńskich,1
Smolna,1
Nurt Niepodległościowy,1
Spotkanie,1
Franciszkańskiej,1
kościele oo,1
dzielnicowym,1
Spotkaniu Ogólnopolskim,1
„Biuletyn «Solidarności»”,1
„Serwisu”,1
śląskie,1
ulic,1
Warszawskiego Okręgu Wojskowego,1
Koźmiana,1
Racławickich,1
„SMiS”,1
Gwardii Ludowej,1
„Żołnierzu Wolności”),1
Ziemi Krośnieńskiej,1
Królewska,1
Młynarską,1
Przedświt,1
„Biuletyn Komisja Krajowa NSzwiązek,1
Wiejska,1
„Biuletyn Informacyjny” „S” Regionu Rzeszów,1
„Biuletyn Informacyjny Niezależny Samorządny Związek Zawodowy «Solidarność» Uniwersytetu,1
Łódzkiej,1
Podmiejskiej,1
Małgorzta Piotrowska,1
Fabryce Wyrobów Ażurowych Haft,1
Niemcewicza,1
„Biuletyn Informacyjny Solidarność,1
ulicę miasta,1
Polakach,1
Zagorzynku,1
Smerkowej,1
Longiny Konopińskiej,1
Tyńcu,1
Toruńskiej,1
Poznańskiej,1
Serbinowskiej,1
Szpitala im.,1
Domu Towarowego Wanda,1
Centralny,1
Ronda Kocmyrzowskiego,1
pluton,1
ulic Piastowskiej,1
Startowej,1
Stocznię Cesarską,1
Pomnik Ofiar Grudnia,1
Sali Konferencyjnej,1
Alianckie,1
Stocznię Gdyńską,1
Zakładowego Domu Kultury ZP,1
Polskiej,1
Czechosłowackiej,1
Urzędzie Miasta,1
Pomnika Ofiar Grudnia ’70),1
„Biuletyn Informacyjny Niezależny Samorządny Związek Zawodowy «Solidarność»”,1
Fabryce Zmechanizowanych Obudów Ścianowych Fazos,1
placu zakładowym,1
Rybnickim Okręgu Węglowym,1
Pleszewskiej Fabryce Obrabiarek,1
Fabryce Zmechanizowanych Obudów Ścianowych FAZOS,1
Wodzisławiu Śląskim,1
bytomskich,1
kościele Wniebowzięcia Najświętszej Marii Panny,1
Komendach Wojewódzkich MO,1
Inflancka,1
Lusińskiej,1
„Kombatant-Szaniec”,1
Zalew Soliński,1
Bibliotece Głównej UAkademia Medyczna,1
Szeroki Dunaj w Warszawie,1
Żywiecczyzny,1
Konfrontacjach Młodego Teatru,1
Estrady Poznańskiej,1
''Małą Apokalipsę'',1
Galerii Jezuitów,1
Maryję,1
Teatrze Poniedziałkowym,1
Ferdydurke,1
edytorski,1
ulicy Raszkowskiej,1
Małym Rynku,1
TRzeczpospolita,1
ulicy Górnośląskiej,1
Założycielskie,1
Fabryce Wyrobów Runowych „Runotex”,1
ulicy Dobrzeckiej,1
Politechnice Wrocławskiej,1
Zaporoskiej,1
Piotrkowska,1
Pawiej,1
Komorska,1
Zamiejska,1
Zakładach Wytwórczych Lamp Elektrycznych,1
Karmelicka,1
Majewska,1
Łukowskiej-Karniej,1
Jasnych Błoniach,1
kościoła Arka Pana,1
Pl.,1
Patrycjusza Kosmowskiego,1
kaliską,1
Pienkowską,1
Kremlu,1
Mazurów,1
Słowackiego,1
„Biuletyn Niezależny Samorządny Związek Zawodowy Niezależny Samorządny Związek Zawodowy Rolników Indywidnal-nych „Solidarność” «Solidarność»,1
Middlesex Politechnic,1
Politechnice Łódzkiej,1
Wszechnicy Związkowej MZwiązek Polskich Autorów,1
Zakładów Naprawczych Taboru Kolejowego,1
"Kopalnia Węgla Kamiennego Wujek  
 ",1
Skandynawii,1
Europy Środkowowschodniej,1
LDPN,1
Biblioteka Literacka,1
Mały,1
Kult,1
Kopówki,1
„Biuletyn Strajkowy Regionalnego Komitetu Strajkowego Regionu Środkowo-Wschodniego”,1
Rock,1
Wybrzeżu”,1
Mikołajewską,1
„Biuletyn Kolejarski”,1
„Komunikatu”,1
Wszechnica Podbeskidzia,1
Niegosz,1
Tytusa Chałubińskiego,1
Zawadzkiej,1
„Biuletyn Koła Oporu Społecznego 241”,1
Tablicę,1
Akademii Ekonomicznej,1
Fabryce Zmechanizowanych Obudów Ścianowych Fazos w,1
jastrzębskiej,1
„Pełnym Głosem”,1
Huty Baildon,1
Delegatura,1
„Biuletyn II Garnituru Gliwickiej,1
„Manifestacja Gliwicka”),1
„Biuletyn Strajkowy Regionalnego Komitetu Strajkowego Regionu Środkowo-Wschodniego Niezależny Samorządny Związek Zawodowy «S»”,1
ZR Świętokrzyskiego,1
Charsznickiej Odlewni Żeliwa,1
Dzierżyńskiego,1
Wojewódzkim Przedsiębiorstwie Komunikacyjnym i Przedsiębiorstwie Komunikacji Samochodowej,1
Taternik,1
Palki,1
Piotrkowskiej,1
„Biuletyn Uniwersytetu,1
parafii Najświętszego Zbawiciela Ośrodek Pomocy Osobom Pozbawionym Pracy,1
Olsztyńskich Zakładach Opon Samochodowych Stomil,1
Zakładach Mięsnych,1
Wojewódzkim Przedsiębiorstwie Energetyki Cielnej w,1
Fako Dolnośląskich Zakładów Metalurgicznych Dozamet,1
Owocowej,1
Wolsztynie,1
Fabryce Form Szklanych,1
Kowar,1
Region,1
Krośnieńskie Huty Szkła,1
Naftomecie,1
Tysiąclecia,1
Krosna,1
kościołem Wniebowzięcia NMP w Haczowie,1
Świętej Trójcy Aptekę Leków Zagranicznych,1
„Biuletyn Regionalnego Komitetu Komitet Obywatelski,1
Zakładach Płyt Wiórowych,1
Wojewódzkim Przedsiębiorstwie Przemysłu Mięsnego,1
Goraszewskiej,1
Powsińskiej,1
Okrężnej,1
Dantego,1
Poznańskim Towarzystwie Fotografików,1
Pałacu Kultury i Nauki w Warszawie,1
Kustosza Pamięci Narodowej,1
Barbary Sadowskiej Wiersze,1
redawniej ,1
Służbą Więzienną,1
Bielska,1
Opery Śląskiej,1
Huty Małapanew,1
górnośląskiej,1
Wschodniej,1
Kultury Chrześcijańskiej,1
„Biuletyn Strajkowy,1
„Jedności Stoczniowej”,1
Wydziałach Mechaniczno-Technologicznym,1
Głogowskim Przedsiębiorstwie Budowlanym,1
"Pokój Tobie Polsko, Ojczyzno moja",1
Kamień Pomorski,1
morza Ośr,1
Trzebuń,1
Januszowickiej,1
Krzyki,1
Sudeckiej,1
Tygodnie Kultury Kresowej,1
Śląsk Opolski Niezależny Samorządny Związek Zawodowy „Solidarność”,1
Ziemi Prudnickiej,1
Regionu Śląska Opolskiego,1
„Biuletyn Informacyjny”/„Solidarność Nyską”,1
„Nad Stobrawą”,1
Łące Prudnickiej,1
Opolskim Przedsiębiorstwie Budownictwa Przemysłowego nr 1 Kierownictwie Robót,1
„Wolna Droga”,1
Witnicy,1
Zakładów Mechanicznych Gorzów,1
Metalplaście,1
koszaliński,1
Huty Szkła Jarosław,1
Regionu,1
Kamiennym Moście w,1
Moście Szczytnickim,1
Nowowiejskiej,1
Zołoteński,1
„Biuletyn Informacyjny Zarządu Regionu Ziemia Sandomierska”,1
„Biuletyn Informacyjny Tymczasowej Komisji Zakładowej Niezależny Samorządny Związek Zawodowy «Solidarność» Kombinatu,1
"Tygodnie Kultury Chrześcijańskiej,",1
Konik,1
Głodówka,1
Puszczy Augustowskiej,1
Zakładach Przemysłu Odzieżowego Pilica i Przedsiębiorstwie Budownictwa Komunalnego,1
Zakładach Włókien Chemicznych Chemitex-Wistom,1
Fabryce Maszyn Szklarskich,1
Zygmuntem Łakomcem,1
Fabryce Maszyn Górniczych Pioma,1
Komitetów Założycielskich,1
Kościoła – np.,1
kościele Wszystkich Świętych,1
Zakładach Mechanicznych Chemitex,1
Jezioro Machowskie/,1
Wzgórzu,1
Ostrowie Tumskim we,1
Ostrowie Tumskim,1
Lancia,1
wniosek przew,1
Pietrukańca,1
kościół Bernardynek,1
Litewski,1
Czermin,1
Diecezjalny Zespół Charytatywno-Społeczny,1
Zakładzie Karnym w,1
Kombinacie Wyrobów Nożowniczych,1
Pomnikiem Ofiar Radomskiego Czerwca 1976,1
Krzyża Zgromadzenia Księży Misjonarzy,1
kaplicę katyńską,1
„Roczników Świętokrzyskich”,1
Wysokie Mazowieckie,1
świątyni św.,1
parafii NMP „S”,1
Matki Bożej Jasnogórskiej,1
Hotelu Grand,1
ziemi bolesławieckiej,1
Bóbr,1
Wytwórnia Celulozy,1
„Biuletyn Informacyjny Samorządu”/„Biuletyn Informacyjny Samorządu Studentów Katolicki Uniwersytet Lubelski”,1
ambasady sowieckiej,1
Tylmana,1
Ziemia Wschowska,1
„Biuletyn Informacyjny Niezależny Samorządny Związek Zawodowy »Solidarność«,1
„Biuletyn Niezależnego Zrzeszenia Studentów Uniwersytet im.,1
Lekka,1
Starej Chemii,1
„Starej Chemii”,1
Oddziale Akademickim Polskie,1
Dworcu Centralnym w,1
Chatką Żaka,1
